Country,Status,Non-fossil (GW),Fossil (GW),Non-fossil share (%),Fossil share (%)
World,Announced,2464.2699219874,648.065,79.17753017447832,20.82246982552168
World,Pre-construction,2796.88136838365,728.5002539999999,79.3355632940688,20.6644367059312
World,Construction,1184.4025976086514,522.3966,69.39320098510034,30.60679901489966
World,Operating,4143.922694901124,4464.36954,48.13873160695179,51.861268393048206
BRICS,Announced,1254.9867087262069,353.86220000000003,78.00525592672543,21.99474407327457
BRICS,Pre-construction,1084.287617721458,287.7621,79.02684601853335,20.97315398146666
BRICS,Construction,959.5094977327973,305.6463,75.84121255676742,24.15878744323258
BRICS,Operating,2128.2566522800985,2226.7458,48.86924119103151,51.130758808968494
EU27,Announced,178.0557453675504,15.812,91.84392433613837,8.156075663861625
EU27,Pre-construction,547.8544062032859,26.329804,95.4143977608374,4.585602239162606
EU27,Construction,34.76600579021436,16.3379,68.03003655519328,31.96996344480673
EU27,Operating,576.1507626692597,280.1572,67.28312567283602,32.716874327163985
G7,Announced,325.913725945581,147.6248,68.82517642989727,31.174823570102728
G7,Pre-construction,880.0614617907719,276.678154,76.0812070216116,23.91879297838839
G7,Construction,101.6038261437746,72.5417,58.34420693638174,41.655793063618276
G7,Operating,1371.7978191802724,1257.0407999999998,52.182656218281984,47.81734378171802
G20,Announced,1998.183545945414,555.2431,78.25498136468222,21.74501863531778
G20,Pre-construction,2365.0431966316364,583.361554,80.21433272093913,19.78566727906087
G20,Construction,1109.531947837977,419.2973,72.57396137646128,27.426038623538716
G20,Operating,3727.422922657105,3805.3404,49.48280946841557,50.51719053158443
OECD,Announced,638.3313020446233,170.15390000000002,78.95398708972182,21.04601291027818
OECD,Pre-construction,1168.002692962563,289.059054,80.16150965444109,19.838490345558903
OECD,Construction,130.31059728061098,89.2698,59.34527803685573,40.654721963144276
OECD,Operating,1635.7922927812378,1519.2059,51.84764595187396,48.15235404812604
African Union,Announced,202.67023488796474,34.861,85.3236143800445,14.676385619955509
African Union,Pre-construction,234.24445919789363,24.994,90.35868363153615,9.641316368463851
African Union,Construction,54.929393919177805,18.5507,74.75411501187753,25.24588498812247
African Union,Operating,78.18827292478815,185.13039999999998,29.693402316029864,70.30659768397012
Afghanistan,Announced,0.337,0.675,33.300395256917,66.699604743083
Afghanistan,Pre-construction,0.227,3.7,5.7804940157881335,94.21950598421188
Afghanistan,Construction,0.12084403866809881,0.1,54.719176210009635,45.280823789990365
Afghanistan,Operating,0.43431211170784106,0.2,68.46978067918111,31.53021932081889
Albania,Announced,2.7018192430278885,0.0,100.0,0.0
Albania,Pre-construction,0.5682625135820355,0.52,52.21741137729621,47.7825886227038
Albania,Construction,0.237,0.0,100.0,0.0
Albania,Operating,2.090433175660993,0.1102,94.99235032813228,5.007649671867726
Algeria,Announced,0.04553125,0.0,100.0,0.0
Algeria,Pre-construction,1.6848712499999998,0.0,100.0,0.0
Algeria,Construction,2.255315,4.094,35.52060340367425,64.47939659632574
Algeria,Operating,0.6260012500000001,26.4576,2.311366366021949,97.68863363397806
Andorra,Announced,0.0,0.0,0.0,0.0
Andorra,Pre-construction,0.0,0.0,0.0,0.0
Andorra,Construction,0.0,0.0,0.0,0.0
Andorra,Operating,0.0663,0.0,100.0,0.0
Angola,Announced,1.1773166666666666,0.148,88.83285755605579,11.167142443944215
Angola,Pre-construction,0.7883,1.8,30.456284047444264,69.54371595255573
Angola,Construction,2.19375,0.0,100.0,0.0
Angola,Operating,4.292873066666667,0.929,82.2094488291915,17.79055117080849
Anguilla,Announced,0.0,0.0,0.0,0.0
Anguilla,Pre-construction,0.0,0.0,0.0,0.0
Anguilla,Construction,0.0,0.0,0.0,0.0
Anguilla,Operating,0.0012,0.0,100.0,0.0
Antigua and Barbuda,Announced,0.0,0.0,0.0,0.0
Antigua and Barbuda,Pre-construction,0.0,0.0,0.0,0.0
Antigua and Barbuda,Construction,0.0,0.0,0.0,0.0
Antigua and Barbuda,Operating,0.010299999999999998,0.0,100.0,0.0
Argentina,Announced,13.758633260869566,0.0,100.0,0.0
Argentina,Pre-construction,3.9241108260869564,0.0,100.0,0.0
Argentina,Construction,1.2035641304347826,0.0,100.0,0.0
Argentina,Operating,19.587085717391304,23.5412,45.415868939796255,54.58413106020373
Armenia,Announced,1.4,0.0,100.0,0.0
Armenia,Pre-construction,0.176,0.126,58.27814569536424,41.72185430463576
Armenia,Construction,0.23085935714285713,0.05,82.19749539105872,17.802504608941284
Armenia,Operating,1.6710995714285715,1.127,59.7226627848483,40.27733721515169
Australia,Announced,217.95594235714287,5.3921,97.58578586895433,2.414214131045665
Australia,Pre-construction,157.95012735714286,2.1561999999999997,98.65326996403442,1.3467300359655676
Australia,Construction,7.283166964285714,0.835,89.71442686910213,10.285573130897887
Australia,Operating,35.935369321428574,39.962300000000006,47.34713152948263,52.652868470517376
Austria,Announced,0.222,0.0,100.0,0.0
Austria,Pre-construction,2.547,0.0,100.0,0.0
Austria,Construction,0.60476,0.0,100.0,0.0
Austria,Operating,16.764784,4.826,77.64787049882024,22.352129501179764
Azerbaijan,Announced,3.0581642857142857,0.0,100.0,0.0
Azerbaijan,Pre-construction,1.1020035714285714,0.5,68.78908331308338,31.210916686916608
Azerbaijan,Construction,0.42708214285714285,0.0,100.0,0.0
Azerbaijan,Operating,1.5085,7.140899999999999,17.440516105163365,82.55948389483663
Bahrain,Announced,2.2169285714285714,0.0,100.0,0.0
Bahrain,Pre-construction,0.22292842857142858,1.2,15.666875725804502,84.3331242741955
Bahrain,Construction,0.08733214285714286,1.8,4.627280004087402,95.3727199959126
Bahrain,Operating,0.0116,9.2819,0.12481842147737665,99.87518157852263
Bangladesh,Announced,2.150002363050483,15.45,12.215920877171058,87.78407912282896
Bangladesh,Pre-construction,1.469794522019334,2.4,37.98120323071744,62.018796769282545
Bangladesh,Construction,2.4483,2.316,51.38845160884075,48.61154839115924
Bangladesh,Operating,1.439414865735768,27.7547,4.930496685224613,95.06950331477539
Barbados,Announced,0.00959074074074074,0.0,100.0,0.0
Barbados,Pre-construction,0.10974444444444444,0.0,100.0,0.0
Barbados,Construction,0.05,0.0,100.0,0.0
Barbados,Operating,0.02419074074074074,0.11,18.027131087589527,81.97286891241046
Belarus,Announced,0.0,0.0,0.0,0.0
Belarus,Pre-construction,1.2,0.175,87.27272727272727,12.727272727272727
Belarus,Construction,0.0,0.0,0.0,0.0
Belarus,Operating,2.686670858369099,9.215200000000001,22.573517141466027,77.42648285853396
Belgium,Announced,0.3933578260869565,0.0,100.0,0.0
Belgium,Pre-construction,3.917547,0.9,81.31829331400398,18.681706685996005
Belgium,Construction,0.09608277749360614,0.87,9.945605048760124,90.05439495123987
Belgium,Operating,10.512567355498721,6.069,63.39911740618766,36.60088259381234
Belize,Announced,0.05754444444444445,0.0,100.0,0.0
Belize,Pre-construction,0.0,0.0,0.0,0.0
Belize,Construction,0.0,0.0,0.0,0.0
Belize,Operating,0.0317,0.0,100.0,0.0
Benin,Announced,0.027,0.2,11.894273127753303,88.1057268722467
Benin,Pre-construction,0.045133419689119166,0.0,100.0,0.0
Benin,Construction,0.0435,0.0,100.0,0.0
Benin,Operating,0.02465,0.1274,16.211772443275237,83.78822755672476
Bermuda,Announced,0.06977729083665338,0.0,100.0,0.0
Bermuda,Pre-construction,0.06,0.0,100.0,0.0
Bermuda,Construction,0.0,0.0,0.0,0.0
Bermuda,Operating,0.006,0.114,5.0,95.0
Bhutan,Announced,0.47305048335123523,0.0,100.0,0.0
Bhutan,Pre-construction,9.83084656283566,0.0,100.0,0.0
Bhutan,Construction,1.3135321160042965,0.0,100.0,0.0
Bhutan,Operating,3.479138,0.0,100.0,0.0
Bolivia,Announced,2.1773444444444445,0.14,93.95860203969102,6.0413979603089745
Bolivia,Pre-construction,1.377451851851852,0.0,100.0,0.0
Bolivia,Construction,0.7210225925925926,0.0,100.0,0.0
Bolivia,Operating,1.1610930555555556,1.9452,37.37873519302885,62.621264806971155
Bosnia and Herzegovina,Announced,0.8909444404201377,0.2375,78.95332800686448,21.046671993135526
Bosnia and Herzegovina,Pre-construction,4.162872216588193,1.05,79.85755344896558,20.14244655103442
Bosnia and Herzegovina,Construction,0.48375,0.0,100.0,0.0
Bosnia and Herzegovina,Operating,2.776028877218399,1.99,58.246161505395136,41.753838494604864
Botswana,Announced,0.5626670984455959,0.615,47.77811141945469,52.22188858054532
Botswana,Pre-construction,3.1546900259067354,0.0,100.0,0.0
Botswana,Construction,0.0,0.7,0.0,100.0
Botswana,Operating,0.11880000000000002,0.802,12.901824500434406,87.09817549956558
Brazil,Announced,263.6389185185185,20.8816,92.66077536033983,7.339224639660174
Brazil,Pre-construction,141.0064436851852,12.9825,91.56919991181873,8.430800088181272
Brazil,Construction,7.889436777777778,5.8115,57.58319234473108,42.416807655268926
Brazil,Operating,181.51556387037036,25.9863,87.47659441929927,12.523405580700734
Brunei,Announced,0.0,0.5,0.0,100.0
Brunei,Pre-construction,0.0,0.0,0.0,0.0
Brunei,Construction,0.03,0.0,100.0,0.0
Brunei,Operating,0.0052,0.806,0.641025641025641,99.35897435897436
Bulgaria,Announced,2.884947253218884,0.24,92.31987036732266,7.680129632677336
Bulgaria,Pre-construction,3.109478240343347,0.042,98.66729208336771,1.3327079166322973
Bulgaria,Construction,0.347382660944206,0.0,100.0,0.0
Bulgaria,Operating,8.675787901287553,4.186,67.45398048757318,32.546019512426824
Burkina Faso,Announced,0.321,0.1,76.24703087885986,23.75296912114014
Burkina Faso,Pre-construction,0.11967145077720207,0.0,100.0,0.0
Burkina Faso,Construction,0.0,0.0,0.0,0.0
Burkina Faso,Operating,0.19471541968911915,0.1659,53.99531164168749,46.004688358312514
Burundi,Announced,0.006525,0.0,100.0,0.0
Burundi,Pre-construction,0.0,0.0,0.0,0.0
Burundi,Construction,0.0,0.0,0.0,0.0
Burundi,Operating,0.051,0.0,100.0,0.0
Cabo Verde,Announced,0.02408162694300518,0.0,100.0,0.0
Cabo Verde,Pre-construction,0.0,0.0,0.0,0.0
Cabo Verde,Construction,0.0,0.0,0.0,0.0
Cabo Verde,Operating,0.025541753886010363,0.0,100.0,0.0
Cambodia,Announced,4.737501557632399,0.0,100.0,0.0
Cambodia,Pre-construction,0.2935202492211838,0.0,100.0,0.0
Cambodia,Construction,0.23,1.165,16.48745519713262,83.51254480286738
Cambodia,Operating,1.80550507788162,2.2555,44.45956218364155,55.54043781635845
Cameroon,Announced,2.560721761658031,0.5,83.66398389218025,16.336016107819738
Cameroon,Pre-construction,2.23,0.35,86.43410852713178,13.565891472868216
Cameroon,Construction,0.026026,0.0,100.0,0.0
Cameroon,Operating,1.5756797357512953,0.364,81.23401542579852,18.765984574201475
Canada,Announced,23.981394371134023,11.264,68.04121445942674,31.95878554057325
Canada,Pre-construction,26.537984432989692,7.1147,78.85844734268666,21.141552657313323
Canada,Construction,1.615745587628866,1.07,60.160038801565754,39.839961198434246
Canada,Operating,119.39803659793814,32.5073,78.60029099172462,21.399709008275376
Cayman Islands,Announced,0.0,0.0,0.0,0.0
Cayman Islands,Pre-construction,0.0,0.0,0.0,0.0
Cayman Islands,Construction,0.0,0.0,0.0,0.0
Cayman Islands,Operating,0.004900000000000001,0.068,6.721536351165981,93.27846364883402
Central African Republic,Announced,0.01305,0.0,100.0,0.0
Central African Republic,Pre-construction,0.195,0.0,100.0,0.0
Central African Republic,Construction,0.04513341968911917,0.0,100.0,0.0
Central African Republic,Operating,0.042511373056994824,0.05,45.95259118119912,54.04740881880088
Chad,Announced,0.3910673575129533,0.09,81.29160114598368,18.70839885401633
Chad,Pre-construction,0.0,0.0,0.0,0.0
Chad,Construction,0.056100000000000004,0.0,100.0,0.0
Chad,Operating,0.11192681347150259,0.06,65.1014296208397,34.89857037916031
Chile,Announced,17.994247786666666,0.355,98.06531578772424,1.9346842122757637
Chile,Pre-construction,39.97425442666667,0.1998,99.50266408792591,0.49733591207408
Chile,Construction,3.1603860333333333,0.581,84.47099564643517,15.529004353564835
Chile,Operating,26.850346233333333,10.106200000000001,72.65382988931847,27.346170110681527
China,Announced,713.5089387962662,261.09860000000003,73.20987273272257,26.790127267277438
China,Pre-construction,754.6441990517451,178.33960000000002,80.88502713752814,19.114972862471856
China,Construction,742.121861187297,227.75220000000002,76.51734290932669,23.48265709067331
China,Operating,1588.6424211298702,1453.7971,52.216072335922604,47.7839276640774
Colombia,Announced,11.300924074074073,2.951,79.29402384785212,20.70597615214788
Colombia,Pre-construction,24.561591944444444,0.282,98.86489843887868,1.1351015611213222
Colombia,Construction,2.249868537037037,0.0,100.0,0.0
Colombia,Operating,14.984198648148148,5.972,71.50246521199239,28.497534788007616
Cook Islands,Announced,0.0,0.0,0.0,0.0
Cook Islands,Pre-construction,0.0,0.0,0.0,0.0
Cook Islands,Construction,0.0,0.0,0.0,0.0
Cook Islands,Operating,0.0010298697318007663,0.0,100.0,0.0
Costa Rica,Announced,0.24938703703703705,0.0,100.0,0.0
Costa Rica,Pre-construction,0.135,0.0,100.0,0.0
Costa Rica,Construction,0.055,0.0,100.0,0.0
Costa Rica,Operating,2.5319000000000003,0.2024,92.59773982372089,7.40226017627912
Croatia,Announced,1.6914472379572618,0.0,100.0,0.0
Croatia,Pre-construction,2.1689720101412533,0.0,100.0,0.0
Croatia,Construction,0.20506742122419414,0.0,100.0,0.0
Croatia,Operating,3.3617,1.6378,67.24072407240725,32.75927592759276
Cuba,Announced,1.4146889814814816,0.2,87.6137137062458,12.386286293754198
Cuba,Pre-construction,0.17934685185185184,0.0,100.0,0.0
Cuba,Construction,0.1961070740740741,0.0,100.0,0.0
Cuba,Operating,0.8901977222222222,1.433,38.317776989326426,61.68222301067359
Curaçao,Announced,0.0,0.0,0.0,0.0
Curaçao,Pre-construction,0.0,0.0,0.0,0.0
Curaçao,Construction,0.0,0.0,0.0,0.0
Curaçao,Operating,0.0695,0.0,100.0,0.0
Cyprus,Announced,0.0,0.0,0.0,0.0
Cyprus,Pre-construction,0.14964,0.185,44.716710494860145,55.283289505139855
Cyprus,Construction,0.016,0.42,3.669724770642202,96.3302752293578
Cyprus,Operating,0.5519,1.853,22.94897916753295,77.05102083246705
Czech Republic,Announced,3.77,1.9,66.49029982363317,33.50970017636684
Czech Republic,Pre-construction,2.412,1.235,66.13655058952563,33.86344941047436
Czech Republic,Construction,0.1844,0.109,62.84935241990457,37.15064758009544
Czech Republic,Operating,8.99331,8.7326,50.735392428371796,49.2646075716282
Côte d'Ivoire,Announced,0.6991655699481866,0.0,100.0,0.0
Côte d'Ivoire,Pre-construction,0.48951999999999996,0.372,56.82050329649921,43.17949670350079
Côte d'Ivoire,Construction,0.29367341968911914,0.0,100.0,0.0
Côte d'Ivoire,Operating,0.99906,1.669,37.44518489089451,62.55481510910549
DR Congo,Announced,1.568447279792746,0.24,86.72894683291487,13.271053167085123
DR Congo,Pre-construction,5.83871,0.0,100.0,0.0
DR Congo,Construction,0.3722936787564767,0.0,100.0,0.0
DR Congo,Operating,2.917842694300518,0.0,100.0,0.0
Denmark,Announced,4.055343024691358,0.0,100.0,0.0
Denmark,Pre-construction,24.402806567901237,0.0,100.0,0.0
Denmark,Construction,0.0,0.0,0.0,0.0
Denmark,Operating,9.971896901234567,1.6142,86.06778439917935,13.93221560082065
Djibouti,Announced,0.09756670984455958,0.05,66.11701917548487,33.88298082451513
Djibouti,Pre-construction,9.112783937823835,0.0,100.0,0.0
Djibouti,Construction,0.0,0.0,0.0,0.0
Djibouti,Operating,0.20852694300518135,0.108,65.87968184489365,34.12031815510635
Dominican Republic,Announced,2.430867125,0.145,94.37082764896113,5.629172351038876
Dominican Republic,Pre-construction,2.259308,0.0,100.0,0.0
Dominican Republic,Construction,0.48760000000000003,1.31,27.12505562972853,72.87494437027148
Dominican Republic,Operating,2.2170874583333333,4.6502,32.28476267791785,67.71523732208215
Ecuador,Announced,4.446722222222222,0.907,83.0585158819928,16.941484118007203
Ecuador,Pre-construction,7.032473722222222,0.0,100.0,0.0
Ecuador,Construction,0.0,0.2012,0.0,100.0
Ecuador,Operating,5.517234740740741,1.55364,78.02761246712113,21.972387532878873
Egypt,Announced,28.368094736842103,0.125,99.56129721550263,0.4387027844973704
Egypt,Pre-construction,49.47479789473684,0.0,100.0,0.0
Egypt,Construction,23.90301884210526,2.55,90.36026846228542,9.639731537714574
Egypt,Operating,9.259653684210527,54.2185,14.587150297841383,85.41284970215862
El Salvador,Announced,0.1,0.0,100.0,0.0
El Salvador,Pre-construction,0.0,0.0,0.0,0.0
El Salvador,Construction,0.08952418518518519,0.0,100.0,0.0
El Salvador,Operating,1.868805925925926,0.9295,66.78347455193129,33.21652544806871
Equatorial Guinea,Announced,0.0,0.0,0.0,0.0
Equatorial Guinea,Pre-construction,0.0,0.0,0.0,0.0
Equatorial Guinea,Construction,0.2,0.0,100.0,0.0
Equatorial Guinea,Operating,0.12451334196891192,0.154,44.70641912113865,55.29358087886135
Eritrea,Announced,0.010832020725388601,0.0,100.0,0.0
Eritrea,Pre-construction,0.0261,0.0,100.0,0.0
Eritrea,Construction,0.0,0.0,0.0,0.0
Eritrea,Operating,0.0228,0.088,20.577617328519857,79.42238267148014
Estonia,Announced,4.869,0.2,96.05444860919313,3.945551390806865
Estonia,Pre-construction,8.7451,0.1,98.86943053215906,1.1305694678409515
Estonia,Construction,0.3006441975308642,0.0,100.0,0.0
Estonia,Operating,1.794161827160494,0.4581,79.66044646871528,20.339553531284718
Eswatini,Announced,0.0195,0.0,100.0,0.0
Eswatini,Pre-construction,0.24575349740932642,0.3,45.030127809699806,54.96987219030019
Eswatini,Construction,0.0,0.0,0.0,0.0
Eswatini,Operating,0.10872668393782384,0.0,100.0,0.0
Ethiopia,Announced,2.365002590673575,0.0,100.0,0.0
Ethiopia,Pre-construction,6.2253341968911915,0.0,100.0,0.0
Ethiopia,Construction,2.23,0.0,100.0,0.0
Ethiopia,Operating,10.1345,0.0,100.0,0.0
Faroe Islands,Announced,0.0,0.0,0.0,0.0
Faroe Islands,Pre-construction,0.0,0.0,0.0,0.0
Faroe Islands,Construction,0.0,0.0,0.0,0.0
Faroe Islands,Operating,0.037,0.0,100.0,0.0
Fiji,Announced,0.03865984674329502,0.0,100.0,0.0
Fiji,Pre-construction,0.007021839080459769,0.0,100.0,0.0
Fiji,Construction,0.0,0.0,0.0,0.0
Fiji,Operating,0.17830000000000001,0.0,100.0,0.0
Finland,Announced,6.699204783950617,0.0,100.0,0.0
Finland,Pre-construction,38.488094833333335,0.0,100.0,0.0
Finland,Construction,1.061881697530864,0.0,100.0,0.0
Finland,Operating,19.6539387654321,3.4751999999999996,84.97479722334539,15.0252027766546
France,Announced,17.99946831460674,0.0,100.0,0.0
France,Pre-construction,16.69162168539326,0.0,100.0,0.0
France,Construction,1.9119724831460674,0.0,100.0,0.0
France,Operating,125.65739365168538,13.521700000000001,90.28467591990513,9.715324080094884
French Guiana,Announced,0.0,0.0,0.0,0.0
French Guiana,Pre-construction,0.0,0.0,0.0,0.0
French Guiana,Construction,0.2202682962962963,0.0,100.0,0.0
French Guiana,Operating,0.16409537037037036,0.0,100.0,0.0
French Polynesia,Announced,0.0,0.0,0.0,0.0
French Polynesia,Pre-construction,0.0,0.0,0.0,0.0
French Polynesia,Construction,0.008426206896551724,0.0,100.0,0.0
French Polynesia,Operating,0.016885961685823757,0.0,100.0,0.0
Gabon,Announced,0.0,0.0,0.0,0.0
Gabon,Pre-construction,0.85303,0.0,100.0,0.0
Gabon,Construction,0.035,0.125,21.875000000000004,78.125
Gabon,Operating,0.33357,0.496,40.209988307195296,59.79001169280471
Georgia,Announced,0.9891592857142857,0.0,100.0,0.0
Georgia,Pre-construction,0.91,0.4,69.46564885496184,30.53435114503817
Georgia,Construction,0.787,0.0,100.0,0.0
Georgia,Operating,3.0086,1.1682000000000001,72.03122007278299,27.968779927217014
Germany,Announced,7.973234542199489,8.315,48.95088243936116,51.049117560638834
Germany,Pre-construction,16.603884491048593,7.462404,68.99229391862552,31.007706081374476
Germany,Construction,2.45847,1.6752,59.47426862811981,40.52573137188019
Germany,Operating,93.43921160102302,63.2599,59.62970092576645,40.37029907423356
Ghana,Announced,2.885923834196891,0.3,90.58357903036234,9.416420969637654
Ghana,Pre-construction,3.6436937823834197,0.3,92.39291850345715,7.607081496542851
Ghana,Construction,0.27080051813471506,0.0,100.0,0.0
Ghana,Operating,1.9310500103626944,3.979,32.6740045680965,67.3259954319035
Gibraltar,Announced,0.0,0.0,0.0,0.0
Gibraltar,Pre-construction,0.0,0.25,0.0,100.0
Gibraltar,Construction,0.0,0.0,0.0,0.0
Gibraltar,Operating,0.0,0.0,0.0,0.0
Greece,Announced,20.961129,0.557,97.41148498552083,2.588515014479187
Greece,Pre-construction,66.681969,2.721,96.07941844678143,3.9205815532185664
Greece,Construction,7.308435,0.9165,88.85705479739353,11.142945202606464
Greece,Operating,13.031451007968128,9.0626,58.98171866837997,41.018281331620045
Guadeloupe,Announced,0.0,0.0,0.0,0.0
Guadeloupe,Pre-construction,0.01,0.0,100.0,0.0
Guadeloupe,Construction,0.064,0.0,100.0,0.0
Guadeloupe,Operating,0.1306,0.2112,38.20947922761849,61.790520772381505
Guatemala,Announced,0.0,0.0,0.0,0.0
Guatemala,Pre-construction,0.11182844444444444,0.0,100.0,0.0
Guatemala,Construction,0.22839888888888887,0.0,100.0,0.0
Guatemala,Operating,2.3151494814814813,0.795,74.43852764204402,25.561472357955978
Guinea,Announced,0.6052864248704662,1.8,25.164837693002124,74.83516230699789
Guinea,Pre-construction,0.586,0.0,100.0,0.0
Guinea,Construction,0.3,0.0,100.0,0.0
Guinea,Operating,0.815,0.104,88.68335146898804,11.316648531011971
Guinea-Bissau,Announced,0.0703307512953368,0.0,100.0,0.0
Guinea-Bissau,Pre-construction,0.0,0.0,0.0,0.0
Guinea-Bissau,Construction,0.0,0.0,0.0,0.0
Guinea-Bissau,Operating,0.009026683937823833,0.0,100.0,0.0
Guyana,Announced,0.017955185185185185,0.3,5.647080476051249,94.35291952394876
Guyana,Pre-construction,0.2131008888888889,0.3,41.53196642289107,58.46803357710895
Guyana,Construction,0.00696,0.3,2.2673964034401877,97.73260359655981
Guyana,Operating,0.03500768518518518,0.072,32.71511305435833,67.28488694564166
Haiti,Announced,0.032,0.0,100.0,0.0
Haiti,Pre-construction,0.0,0.0,0.0,0.0
Haiti,Construction,0.011508888888888888,0.0,100.0,0.0
Haiti,Operating,0.0,0.0,0.0,0.0
Honduras,Announced,0.3327987037037037,0.0,100.0,0.0
Honduras,Pre-construction,0.828,0.0,100.0,0.0
Honduras,Construction,0.2,0.07,74.07407407407408,25.925925925925924
Honduras,Operating,1.7727970740740742,1.0997999999999999,61.71408757858953,38.28591242141049
Hong Kong,Announced,0.4,0.0,100.0,0.0
Hong Kong,Pre-construction,0.0,0.13,0.0,100.0
Hong Kong,Construction,0.18,0.77,18.947368421052634,81.05263157894737
Hong Kong,Operating,0.0009170759101471727,10.2055,0.008985287425806997,99.9910147125742
Hungary,Announced,0.29012,0.0,100.0,0.0
Hungary,Pre-construction,0.13137000000000001,0.0,100.0,0.0
Hungary,Construction,2.6477236051502144,1.54,63.22584427238579,36.774155727614215
Hungary,Operating,6.447665051502145,3.9085,62.25919555585803,37.74080444414198
Iceland,Announced,0.35,0.0,100.0,0.0
Iceland,Pre-construction,0.2632,0.0,100.0,0.0
Iceland,Construction,0.138,0.0,100.0,0.0
Iceland,Operating,2.7674000000000003,0.0,100.0,0.0
India,Announced,187.1808972909091,42.74,81.4109980851706,18.589001914829385
India,Pre-construction,78.78170105227272,55.4,58.71270108699993,41.28729891300007
India,Construction,156.8324542272727,40.53,79.46417916280689,20.53582083719312
India,Operating,196.5345667909091,282.6344,41.01571270509035,58.98428729490964
Indonesia,Announced,12.98122246105919,21.597,37.54161300708328,62.458386992916715
Indonesia,Pre-construction,14.95180031152648,6.595,69.3922071739255,30.607792826074505
Indonesia,Construction,4.911,6.19,44.239257724529324,55.76074227547069
Indonesia,Operating,12.09576015576324,86.156,12.310985713220047,87.68901428677995
Iran,Announced,2.676032223415682,0.963,73.53692023380586,26.463079766194138
Iran,Pre-construction,6.357,3.96,61.61674905495784,38.383250945042164
Iran,Construction,2.135,11.283,15.91146221493516,84.08853778506484
Iran,Operating,14.605254135338345,77.3901,15.87607795264522,84.12392204735478
Iraq,Announced,1.2088607142857142,0.4749,71.79527969914287,28.20472030085714
Iraq,Pre-construction,6.415839285714285,31.389,16.97094712458864,83.02905287541135
Iraq,Construction,2.0612999999999997,14.743,12.266503216438647,87.73349678356135
Iraq,Operating,3.40775,44.2393,7.1520692256918315,92.84793077430817
Ireland,Announced,11.919769969135803,1.185,90.95749102967166,9.042508970328345
Ireland,Pre-construction,44.100601265432104,3.8866,91.90075708207692,8.099242917923071
Ireland,Construction,0.794769074074074,1.3582,36.91502509927504,63.08497490072496
Ireland,Operating,5.788911395061729,6.7525,46.15837255239992,53.84162744760008
Israel,Announced,0.32175,0.0,100.0,0.0
Israel,Pre-construction,0.7419121428571428,3.25,18.5853825511834,81.4146174488166
Israel,Construction,0.156,8.5665,1.7884780739466897,98.21152192605331
Israel,Operating,3.599267285714286,16.618,17.8029366424688,82.19706335753119
Italy,Announced,16.691969931899642,0.385,97.74550168129754,2.254498318702448
Italy,Pre-construction,41.01125335125448,3.2956,92.56187304958615,7.438126950413845
Italy,Construction,0.9728230788530465,1.75,35.72847190875271,64.27152809124728
Italy,Operating,34.27143770250896,50.175,40.58363932797456,59.416360672025434
Jamaica,Announced,0.0,0.0,0.0,0.0
Jamaica,Pre-construction,0.09776188888888887,0.0,100.0,0.0
Jamaica,Construction,0.0,0.0,0.0,0.0
Jamaica,Operating,0.17004,0.714,19.234423781729333,80.76557621827067
Japan,Announced,33.943286206896545,9.5557,78.03236159447552,21.967638405524475
Japan,Pre-construction,10.204065850574713,7.119800000000001,58.90178288488765,41.09821711511235
Japan,Construction,8.846594999999999,1.16,88.40764515801828,11.592354841981715
Japan,Operating,98.9887348505747,152.10139999999998,39.423585840791205,60.57641415920879
Jordan,Announced,1.183857142857143,0.0,100.0,0.0
Jordan,Pre-construction,0.9372214285714285,1.3,41.89220685097267,58.107793149027344
Jordan,Construction,0.0,0.0,0.0,0.0
Jordan,Operating,2.3363192857142856,4.5228,34.06150539735057,65.93849460264943
Kazakhstan,Announced,47.520952580645165,3.415,93.29550184696528,6.704498153034728
Kazakhstan,Pre-construction,2.506741935483871,10.221,19.695103406326034,80.30489659367396
Kazakhstan,Construction,0.077,3.2695,2.300911399970118,97.69908860002988
Kazakhstan,Operating,5.12952064516129,18.4508,21.753396496810883,78.24660350318912
Kenya,Announced,3.5699105440414507,0.0,100.0,0.0
Kenya,Pre-construction,6.985363406735751,0.0,100.0,0.0
Kenya,Construction,0.3078,0.0,100.0,0.0
Kenya,Operating,2.5771834196891192,0.5651,82.01626255419353,17.983737445806465
Kiribati,Announced,0.008426206896551724,0.0,100.0,0.0
Kiribati,Pre-construction,0.0,0.0,0.0,0.0
Kiribati,Construction,0.007021839080459769,0.0,100.0,0.0
Kiribati,Operating,0.0041406130268199235,0.0,100.0,0.0
Kosovo,Announced,0.22668710612097068,0.5,31.194595887495268,68.80540411250475
Kosovo,Pre-construction,0.3846677145961608,0.0,100.0,0.0
Kosovo,Construction,0.1305,0.0,100.0,0.0
Kosovo,Operating,0.1869,1.29,12.654885232581758,87.34511476741824
Kuwait,Announced,3.0789285714285715,5.4,36.31270797354787,63.687292026452134
Kuwait,Pre-construction,1.1551571428571428,8.4,12.089357878542776,87.91064212145723
Kuwait,Construction,0.0,3.85,0.0,100.0
Kuwait,Operating,0.041299999999999996,19.5095,0.21124455265257688,99.78875544734743
Kyrgyzstan,Announced,5.560725806451613,2.15,72.11676236495038,27.883237635049625
Kyrgyzstan,Pre-construction,3.5118225806451613,1.378,71.81901843526218,28.180981564737817
Kyrgyzstan,Construction,1.86,0.371,83.37068579112507,16.629314208874945
Kyrgyzstan,Operating,3.179,0.813,79.63426853707415,20.36573146292585
Laos,Announced,5.733504672897197,1.6,78.18232794051116,21.81767205948884
Laos,Pre-construction,7.552803738317757,1.5,83.43054766943685,16.569452330563156
Laos,Construction,4.902,0.3,94.23298731257209,5.767012687427912
Laos,Operating,11.756653271028037,1.878,86.22627240554391,13.773727594456098
Latvia,Announced,3.7815854938271602,0.0,100.0,0.0
Latvia,Pre-construction,1.6287241975308642,0.0,100.0,0.0
Latvia,Construction,0.19881944444444447,0.0,100.0,0.0
Latvia,Operating,2.216490432098765,1.087,67.09540946636223,32.90459053363778
Lebanon,Announced,0.0,0.0,0.0,0.0
Lebanon,Pre-construction,0.22,0.825,21.05263157894737,78.94736842105263
Lebanon,Construction,0.1,0.0,100.0,0.0
Lebanon,Operating,0.1951,2.684,6.776423187801743,93.22357681219825
Lesotho,Announced,0.13826683937823833,0.0,100.0,0.0
Lesotho,Pre-construction,0.18680000000000002,0.0,100.0,0.0
Lesotho,Construction,0.0,0.0,0.0,0.0
Lesotho,Operating,0.029200000000000004,0.0,100.0,0.0
Liberia,Announced,0.08805743523316062,0.0,100.0,0.0
Liberia,Pre-construction,0.3,0.27,52.63157894736842,47.368421052631575
Liberia,Construction,0.0174,0.0,100.0,0.0
Liberia,Operating,0.088,0.0,100.0,0.0
Libya,Announced,0.24,0.0,100.0,0.0
Libya,Pre-construction,2.2552687500000004,2.16,51.07885561892467,48.92114438107532
Libya,Construction,0.10472187499999999,5.292,1.9404719647517503,98.05952803524825
Libya,Operating,0.4553125,14.795,2.985594557488576,97.01440544251142
Lithuania,Announced,1.55641237654321,0.0,100.0,0.0
Lithuania,Pre-construction,2.232927777777778,0.0,100.0,0.0
Lithuania,Construction,0.185,0.0,100.0,0.0
Lithuania,Operating,3.2925895061728396,1.148,74.14757661332642,25.85242338667358
Luxembourg,Announced,0.017,0.0,100.0,0.0
Luxembourg,Pre-construction,0.0705,0.0,100.0,0.0
Luxembourg,Construction,0.0,0.0,0.0,0.0
Luxembourg,Operating,1.5317603657289003,0.0,100.0,0.0
Macao,Announced,0.0,0.45,0.0,100.0
Macao,Pre-construction,0.0,0.0,0.0,0.0
Macao,Construction,0.0,0.0,0.0,0.0
Macao,Operating,0.0587,0.4072,12.599270229663018,87.40072977033698
Madagascar,Announced,0.21098367875647667,0.0,100.0,0.0
Madagascar,Pre-construction,0.7681286010362695,0.0,100.0,0.0
Madagascar,Construction,0.10783018134715026,0.0,100.0,0.0
Madagascar,Operating,0.22022165284974093,0.291,43.07752843060207,56.922471569397935
Malawi,Announced,0.4057801813471502,0.15,73.0109124012993,26.9890875987007
Malawi,Pre-construction,0.7795800518134716,0.4,66.08962661033092,33.91037338966906
Malawi,Construction,0.06155336787564766,0.0,100.0,0.0
Malawi,Operating,0.45187,0.0,100.0,0.0
Malaysia,Announced,8.196347058823529,1.4,85.41111538152691,14.588884618473083
Malaysia,Pre-construction,2.7405411764705883,4.285,39.008257266344145,60.99174273365586
Malaysia,Construction,1.585,5.320600000000001,22.95238646895273,77.04761353104726
Malaysia,Operating,9.005696470588235,31.272,22.359015682946062,77.64098431705393
Maldives,Announced,0.0,0.0,0.0,0.0
Maldives,Pre-construction,0.11826262083780881,0.0,100.0,0.0
Maldives,Construction,0.0015,0.0,100.0,0.0
Maldives,Operating,0.0019,0.142,1.320361362056984,98.67963863794301
Mali,Announced,0.4606581606217617,0.0,100.0,0.0
Mali,Pre-construction,0.26541,0.0,100.0,0.0
Mali,Construction,0.26753367875647666,0.0,100.0,0.0
Mali,Operating,0.6037654404145077,0.254,70.38817513127404,29.611824868725968
Malta,Announced,0.0,0.0,0.0,0.0
Malta,Pre-construction,0.3,0.0,100.0,0.0
Malta,Construction,0.0,0.0,0.0,0.0
Malta,Operating,0.018699999999999998,0.5478,3.300970873786407,96.69902912621359
Marshall Islands,Announced,0.0,0.0,0.0,0.0
Marshall Islands,Pre-construction,0.00348,0.0,100.0,0.0
Marshall Islands,Construction,0.0,0.0,0.0,0.0
Marshall Islands,Operating,0.0,0.0,0.0,0.0
Martinique,Announced,0.0,0.0,0.0,0.0
Martinique,Pre-construction,0.0,0.0,0.0,0.0
Martinique,Construction,0.011,0.0,100.0,0.0
Martinique,Operating,0.07855,0.2796,21.93215133324026,78.06784866675973
Mauritania,Announced,76.82770095854922,0.43,99.44342118045849,0.5565788195415059
Mauritania,Pre-construction,30.66158414507772,0.12,99.61015651619999,0.38984348380000183
Mauritania,Construction,0.0,0.074,0.0,100.0
Mauritania,Operating,0.2522320207253886,0.42,37.52157186044357,62.47842813955643
Mauritius,Announced,0.26637357512953364,0.0,100.0,0.0
Mauritius,Pre-construction,0.06,0.0,100.0,0.0
Mauritius,Construction,0.0,0.0,0.0,0.0
Mauritius,Operating,0.22019328238341968,0.195,53.03392220591786,46.96607779408213
Mayotte,Announced,0.0,0.0,0.0,0.0
Mayotte,Pre-construction,0.0,0.0,0.0,0.0
Mayotte,Construction,0.0,0.0,0.0,0.0
Mayotte,Operating,0.013254746113989638,0.0,100.0,0.0
Mexico,Announced,8.454197222222223,2.922,74.31479128814526,25.685208711854745
Mexico,Pre-construction,13.247559055555556,3.4391,79.39012244122644,20.609877558773558
Mexico,Construction,2.330474722222222,4.6806,33.23990706924826,66.76009293075175
Mexico,Operating,37.316928611111116,59.653400000000005,38.482831960657336,61.517168039342664
Micronesia,Announced,0.0,0.0,0.0,0.0
Micronesia,Pre-construction,0.002421869731800767,0.0,100.0,0.0
Micronesia,Construction,0.0,0.0,0.0,0.0
Micronesia,Operating,0.0037409999999999995,0.0,100.0,0.0
Moldova,Announced,0.0,0.25,0.0,100.0
Moldova,Pre-construction,0.0,0.0,0.0,0.0
Moldova,Construction,0.0,0.0,0.0,0.0
Moldova,Operating,0.2297,1.168,16.434141804392933,83.56585819560706
Mongolia,Announced,2.933158103020914,1.28,69.61898963435016,30.381010365649836
Mongolia,Pre-construction,0.09625379550735863,2.77,3.358174201399379,96.64182579860062
Mongolia,Construction,0.1080663954298993,0.4,21.270132487006773,78.72986751299324
Mongolia,Operating,0.3390707591014717,1.295,20.750065883800342,79.24993411619965
Montenegro,Announced,0.9048829177834118,0.84,51.859234138925345,48.140765861074655
Montenegro,Pre-construction,2.6299351792828682,0.0,100.0,0.0
Montenegro,Construction,0.063004,0.0,100.0,0.0
Montenegro,Operating,0.7838999999999999,0.225,77.69848349687778,22.301516503122215
Montserrat,Announced,0.0,0.0,0.0,0.0
Montserrat,Pre-construction,0.003,0.0,100.0,0.0
Montserrat,Construction,0.0,0.0,0.0,0.0
Montserrat,Operating,0.0,0.0,0.0,0.0
Morocco,Announced,1.428,5.842,19.642365887207703,80.3576341127923
Morocco,Pre-construction,43.250483125,0.0,100.0,0.0
Morocco,Construction,1.04611625,0.99,51.378021760790915,48.62197823920908
Morocco,Operating,4.53040375,5.993,43.05074534463243,56.94925465536757
Mozambique,Announced,11.580939611398964,0.275,97.68048751078658,2.31951248921342
Mozambique,Pre-construction,4.028273575129534,2.3,63.65517431106128,36.34482568893873
Mozambique,Construction,0.12,0.824,12.711864406779661,87.28813559322035
Mozambique,Operating,2.270301,0.6576000000000001,77.54022420840049,22.459775791599515
Myanmar,Announced,7.53609,0.0,100.0,0.0
Myanmar,Pre-construction,3.2879,0.8,80.43004965874898,19.56995034125101
Myanmar,Construction,0.884,1.516,36.833333333333336,63.16666666666667
Myanmar,Operating,3.7868636363636363,3.2755,53.62034343382334,46.379656566176656
Namibia,Announced,1.140217616580311,0.0,100.0,0.0
Namibia,Pre-construction,12.904586046632124,0.475,96.44981542519722,3.550184574802789
Namibia,Construction,7.043274585492227,0.0,100.0,0.0
Namibia,Operating,0.6294170544041451,0.12,83.98755415361998,16.012445846380015
Nauru,Announced,0.0,0.0,0.0,0.0
Nauru,Pre-construction,0.0,0.0,0.0,0.0
Nauru,Construction,0.0,0.0,0.0,0.0
Nauru,Operating,0.005617471264367816,0.0,100.0,0.0
Nepal,Announced,10.928332116004295,0.0,100.0,0.0
Nepal,Pre-construction,22.146,0.0,100.0,0.0
Nepal,Construction,4.5166,0.0,100.0,0.0
Nepal,Operating,3.36985,0.0,100.0,0.0
Netherlands,Announced,0.891427619047619,0.0,100.0,0.0
Netherlands,Pre-construction,21.934023,0.56,97.51044977592493,2.48955022407508
Netherlands,Construction,0.4845635714285714,0.0,100.0,0.0
Netherlands,Operating,20.614776904761904,18.4855,52.722841208961604,47.2771587910384
New Caledonia,Announced,0.0,0.0,0.0,0.0
New Caledonia,Pre-construction,0.0,0.0,0.0,0.0
New Caledonia,Construction,0.0,0.0,0.0,0.0
New Caledonia,Operating,0.2095,0.623,25.165165165165167,74.83483483483482
New Zealand,Announced,14.477369772727272,0.0,100.0,0.0
New Zealand,Pre-construction,4.64491790909091,0.0,100.0,0.0
New Zealand,Construction,0.7036399999999999,0.0,100.0,0.0
New Zealand,Operating,8.159095454545454,1.796,81.95898765410678,18.041012345893222
Nicaragua,Announced,0.2509537037037037,0.0,100.0,0.0
Nicaragua,Pre-construction,0.38493048148148146,0.0,100.0,0.0
Nicaragua,Construction,0.17011824074074072,0.315,35.06737666284871,64.9326233371513
Nicaragua,Operating,0.6605125740740742,0.38,63.47953792503157,36.52046207496842
Niger,Announced,0.6736007772020726,0.4,62.742202828648644,37.257797171351356
Niger,Pre-construction,0.009026683937823833,0.2,4.318436176554793,95.68156382344522
Niger,Construction,0.0,0.0,0.0,0.0
Niger,Operating,0.0535,0.219,19.633027522935777,80.36697247706421
Nigeria,Announced,5.579547538860104,12.871,30.240552629175877,69.75944737082412
Nigeria,Pre-construction,5.208927461139896,2.082,71.44396222432735,28.556037775672653
Nigeria,Construction,2.582,1.2807,66.84443523959925,33.15556476040076
Nigeria,Operating,3.0032947357512954,11.3525,20.92043520427308,79.07956479572692
North Korea,Announced,0.0,0.0,0.0,0.0
North Korea,Pre-construction,0.0,0.0,0.0,0.0
North Korea,Construction,0.55,0.0,100.0,0.0
North Korea,Operating,4.078,3.25,55.6495633187773,44.3504366812227
North Macedonia,Announced,0.9280413980441868,0.0,100.0,0.0
North Macedonia,Pre-construction,0.6861425570445491,0.805,46.01455131188037,53.98544868811963
North Macedonia,Construction,0.5852,0.0,100.0,0.0
North Macedonia,Operating,1.0301283013400941,1.242,45.337593864419,54.662406135581
Northern Mariana Islands,Announced,0.026214865900383143,0.0,100.0,0.0
Northern Mariana Islands,Pre-construction,0.0,0.0,0.0,0.0
Northern Mariana Islands,Construction,0.0,0.0,0.0,0.0
Northern Mariana Islands,Operating,0.0,0.0,0.0,0.0
Norway,Announced,19.103962222222222,0.0,100.0,0.0
Norway,Pre-construction,14.589172080246913,0.0,100.0,0.0
Norway,Construction,0.3,0.0,100.0,0.0
Norway,Operating,34.769366000000005,0.523,98.51809311962818,1.4819068803718058
Oman,Announced,16.963285714285714,0.0,100.0,0.0
Oman,Pre-construction,50.58086214285714,0.0,100.0,0.0
Oman,Construction,1.5515135714285715,2.577,37.58044014111616,62.41955985888383
Oman,Operating,3.1595942857142854,13.6253,18.82403446772634,81.17596553227366
Pakistan,Announced,8.373667454350162,0.0,100.0,0.0
Pakistan,Pre-construction,22.696082706766916,2.154,91.33202080082637,8.667979199173631
Pakistan,Construction,11.224,0.0315,99.72013682199814,0.2798631780018658
Pakistan,Operating,18.6908630773362,28.921,39.256735337108175,60.743264662891825
Palau,Announced,0.0,0.0,0.0,0.0
Palau,Pre-construction,0.0,0.0,0.0,0.0
Palau,Construction,0.0,0.0,0.0,0.0
Palau,Operating,0.013311,0.0,100.0,0.0
Palestine,Announced,0.0,0.5,0.0,100.0
Palestine,Pre-construction,0.0,0.17,0.0,100.0
Palestine,Construction,0.0,0.45,0.0,100.0
Palestine,Operating,0.03596285714285714,0.14,20.437754720963834,79.56224527903618
Panama,Announced,2.1433267985074624,0.153,93.33718527783394,6.66281472216607
Panama,Pre-construction,0.564826,0.0,100.0,0.0
Panama,Construction,0.534624,0.0,100.0,0.0
Panama,Operating,2.6225501194029848,1.7959,59.35452587518041,40.64547412481957
Papua New Guinea,Announced,0.019661149425287357,0.0,100.0,0.0
Papua New Guinea,Pre-construction,0.9042986973180076,0.066,93.19797087407929,6.802029125920699
Papua New Guinea,Construction,0.0,0.0,0.0,0.0
Papua New Guinea,Operating,0.25937,0.0588,81.5193135745042,18.480686425495804
Paraguay,Announced,1.5359074074074075,0.0,100.0,0.0
Paraguay,Pre-construction,0.048,0.0,100.0,0.0
Paraguay,Construction,0.22,0.0,100.0,0.0
Paraguay,Operating,8.764329074074073,0.0,100.0,0.0
Peru,Announced,38.53712683333334,0.2,99.48369944714666,0.5163005528533412
Peru,Pre-construction,6.066200296296296,0.0,100.0,0.0
Peru,Construction,0.7873105185185185,0.0,100.0,0.0
Peru,Operating,8.5552095,7.139,54.511885418631636,45.48811458136837
Philippines,Announced,54.01075797222222,11.4295,82.53445149184536,17.46554850815463
Philippines,Pre-construction,102.1192893611111,4.83,95.48384095971723,4.516159040282773
Philippines,Construction,6.089324944444445,0.97,86.25930938675133,13.740690613248674
Philippines,Operating,9.916561,19.762700000000002,33.41242559914143,66.58757440085856
Poland,Announced,17.96070935135135,2.51,87.73857829291926,12.26142170708073
Poland,Pre-construction,20.10614135135135,4.126,82.97302768180697,17.026972318193025
Poland,Construction,1.8972075675675677,5.051,27.304992677870487,72.69500732212951
Poland,Operating,19.73314037837838,32.5795,37.721553023606106,62.278446976393894
Portugal,Announced,1.8152421739130433,0.0,100.0,0.0
Portugal,Pre-construction,12.042914360248448,0.0,100.0,0.0
Portugal,Construction,0.67903,0.0,100.0,0.0
Portugal,Operating,16.47215601242236,4.6515,77.97966413927327,22.02033586072674
Puerto Rico,Announced,0.05754444444444445,0.6,8.751415197958737,91.24858480204126
Puerto Rico,Pre-construction,0.553457537037037,0.56,49.70620958836146,50.293790411638554
Puerto Rico,Construction,0.034,0.1,25.37313432835821,74.6268656716418
Puerto Rico,Operating,0.3451,5.454,5.950923419151248,94.04907658084875
Qatar,Announced,1.8385714285714285,0.0,100.0,0.0
Qatar,Pre-construction,0.0,0.0,0.0,0.0
Qatar,Construction,0.0,2.916,0.0,100.0
Qatar,Operating,1.52425,12.5775,10.808942152569717,89.19105784743027
Republic of the Congo,Announced,0.0,0.516,0.0,100.0
Republic of the Congo,Pre-construction,0.43126683937823834,0.0,100.0,0.0
Republic of the Congo,Construction,0.05,0.0,100.0,0.0
Republic of the Congo,Operating,0.2,0.534,27.247956403269757,72.75204359673026
Romania,Announced,1.7545364210526315,0.52,77.13819857149839,22.861801428501614
Romania,Pre-construction,10.034127894736843,1.8162,84.67384180308935,15.326158196910649
Romania,Construction,1.746853105263158,2.648,39.74770176439284,60.25229823560716
Romania,Operating,15.255642,5.4388000000000005,73.71854723118409,26.2814527688159
Russia,Announced,20.872059965665237,6.457,76.37313538002321,23.626864619976786
Russia,Pre-construction,9.5899,11.68,45.08671879040334,54.913281209596654
Russia,Construction,6.786788841201717,9.5746,41.48051798702462,58.51948201297539
Russia,Operating,87.09385695278971,152.691,36.32166687237354,63.67833312762645
Rwanda,Announced,0.2076137305699482,0.072,74.25019155774667,25.749808442253325
Rwanda,Pre-construction,0.247,0.0,100.0,0.0
Rwanda,Construction,0.044,0.0,100.0,0.0
Rwanda,Operating,0.10857880569948186,0.056,65.97374749318872,34.026252506811275
Réunion,Announced,0.2,0.0,100.0,0.0
Réunion,Pre-construction,0.0,0.0,0.0,0.0
Réunion,Construction,0.0,0.0,0.0,0.0
Réunion,Operating,0.8170900207253886,0.2196,78.81719746406526,21.182802535934737
Saint Vincent and the Grenadines,Announced,0.0,0.0,0.0,0.0
Saint Vincent and the Grenadines,Pre-construction,0.005,0.0,100.0,0.0
Saint Vincent and the Grenadines,Construction,0.0,0.0,0.0,0.0
Saint Vincent and the Grenadines,Operating,0.0012,0.0,100.0,0.0
Samoa,Announced,0.0,0.0,0.0,0.0
Samoa,Pre-construction,0.0,0.0,0.0,0.0
Samoa,Construction,0.0,0.0,0.0,0.0
Samoa,Operating,0.007806727969348659,0.0,100.0,0.0
Sao Tome and Principe,Announced,0.010992935233160623,0.0,100.0,0.0
Sao Tome and Principe,Pre-construction,0.0,0.0,0.0,0.0
Sao Tome and Principe,Construction,0.0,0.0,0.0,0.0
Sao Tome and Principe,Operating,0.010973352331606219,0.0,100.0,0.0
Saudi Arabia,Announced,2.845964285714286,0.0,100.0,0.0
Saudi Arabia,Pre-construction,30.79654714285714,6.0,83.69412223188799,16.30587776811202
Saudi Arabia,Construction,9.139442857142857,27.698,24.810198939665813,75.18980106033418
Saudi Arabia,Operating,11.809065714285714,97.8073,10.773086333719512,89.2269136662805
Senegal,Announced,0.45396062176165797,0.125,78.40958515975565,21.590414840244357
Senegal,Pre-construction,0.1535,0.0,100.0,0.0
Senegal,Construction,0.21435010362694298,0.366,36.93461968686581,63.0653803131342
Senegal,Operating,0.5009594041450777,0.8685,36.580814489920215,63.41918551007978
Serbia,Announced,6.8950564549076425,0.85,89.02525753106165,10.974742468938349
Serbia,Pre-construction,5.436179449474828,0.0,100.0,0.0
Serbia,Construction,0.066,0.0,100.0,0.0
Serbia,Operating,3.8348481130025354,5.379,41.62048327658905,58.379516723410966
Seychelles,Announced,0.0,0.0,0.0,0.0
Seychelles,Pre-construction,0.0,0.0,0.0,0.0
Seychelles,Construction,0.005046,0.0,100.0,0.0
Seychelles,Operating,0.006775,0.058,10.459282130451562,89.54071786954844
Sierra Leone,Announced,0.48797322279792743,0.0,100.0,0.0
Sierra Leone,Pre-construction,0.3067009404145078,0.105,74.4960504840518,25.503949515948186
Sierra Leone,Construction,0.04242541450777202,0.0,100.0,0.0
Sierra Leone,Operating,0.09245,0.162,36.33326783258008,63.66673216741992
Singapore,Announced,0.11566,0.0,100.0,0.0
Singapore,Pre-construction,0.17834999999999998,0.67,21.023162609771905,78.9768373902281
Singapore,Construction,0.08,1.2,6.25,93.75
Singapore,Operating,0.662986,15.326,4.146516858542499,95.8534831414575
Slovakia,Announced,0.083,0.0,100.0,0.0
Slovakia,Pre-construction,1.2345,0.0,100.0,0.0
Slovakia,Construction,0.48569999999999997,0.0,100.0,0.0
Slovakia,Operating,5.553850000000001,1.284,81.22216778665809,18.777832213341913
Slovenia,Announced,1.37539908801159,0.0,100.0,0.0
Slovenia,Pre-construction,0.8702677145961609,0.0,100.0,0.0
Slovenia,Construction,0.0,0.0,0.0,0.0
Slovenia,Operating,1.8900696226005071,1.259,60.019937604291016,39.98006239570898
Solomon Islands,Announced,0.031305,0.0,100.0,0.0
Solomon Islands,Pre-construction,0.0,0.0,0.0,0.0
Solomon Islands,Construction,0.0,0.0,0.0,0.0
Solomon Islands,Operating,0.0027424904214559385,0.0,100.0,0.0
Somalia,Announced,0.007221347150259067,0.0,100.0,0.0
Somalia,Pre-construction,0.11523202072538861,0.0,100.0,0.0
Somalia,Construction,0.0,0.0,0.0,0.0
Somalia,Operating,0.06256,0.065,49.04358733145187,50.95641266854813
South Africa,Announced,19.56739,0.0,100.0,0.0
South Africa,Pre-construction,16.337500814814817,11.505,58.67828081779829,41.321719182201704
South Africa,Construction,4.164495,0.0,100.0,0.0
South Africa,Operating,15.065852703703705,48.7294,23.61594643049206,76.38405356950794
South Korea,Announced,17.665102711076685,11.669,60.220361553470205,39.779638446529795
South Korea,Pre-construction,38.77718282726568,3.359,92.02822900743054,7.971770992569461
South Korea,Construction,8.640238067389621,5.133,62.7320752397854,37.267924760214605
South Korea,Operating,47.654599045701005,94.1644,33.60240825726345,66.39759174273657
South Sudan,Announced,0.0,0.0,0.0,0.0
South Sudan,Pre-construction,1.08,0.0,100.0,0.0
South Sudan,Construction,0.0,0.0,0.0,0.0
South Sudan,Operating,0.042273367875647665,0.085,33.214621865707855,66.78537813429215
Spain,Announced,28.78150596005706,0.0,100.0,0.0
Spain,Pre-construction,134.25272946219687,0.0,100.0,0.0
Spain,Construction,8.74168010556348,0.0,100.0,0.0
Spain,Operating,89.14507328673324,31.525,73.87504694300543,26.124953056994567
Sri Lanka,Announced,2.8108917357679917,0.0,100.0,0.0
Sri Lanka,Pre-construction,0.7769983093447905,0.68,53.32870356549728,46.67129643450271
Sri Lanka,Construction,0.12561009667024706,0.0,100.0,0.0
Sri Lanka,Operating,1.911978216970999,2.2054,46.43678856341669,53.563211436583316
Sudan,Announced,0.0,1.0,0.0,100.0
Sudan,Pre-construction,0.2,0.0,100.0,0.0
Sudan,Construction,0.0,0.17,0.0,100.0
Sudan,Operating,2.08747375,1.3909,60.01292270561781,39.987077294382175
Suriname,Announced,0.06525,0.0,100.0,0.0
Suriname,Pre-construction,0.0,0.0,0.0,0.0
Suriname,Construction,0.0,0.0,0.0,0.0
Suriname,Operating,0.187701,0.063,74.87046322112796,25.12953677887204
Sweden,Announced,19.617935000000003,0.0,100.0,0.0
Sweden,Pre-construction,71.986212,0.0,100.0,0.0
Sweden,Construction,1.43674,0.0,100.0,0.0
Sweden,Operating,41.510397,2.619,94.06518063231184,5.934819367688165
Switzerland,Announced,0.13791558567774936,0.0,100.0,0.0
Switzerland,Pre-construction,1.7508272404092071,0.0,100.0,0.0
Switzerland,Construction,0.145,0.0,100.0,0.0
Switzerland,Operating,18.038119659846547,0.055,99.69601704385973,0.3039829561402816
Syria,Announced,1.8639071428571428,3.1,37.54919439899733,62.45080560100267
Syria,Pre-construction,0.14524714285714285,2.55,5.3890101782343836,94.61098982176561
Syria,Construction,0.22798285714285715,4.66,4.664150096387993,95.33584990361202
Syria,Operating,1.7734885714285715,7.3845,19.365481378318883,80.63451862168111
Taiwan,Announced,10.342328125,4.196,71.1383594872605,28.861640512739495
Taiwan,Pre-construction,12.31194646875,14.232,46.383255343152406,53.61674465684758
Taiwan,Construction,2.4963601562499997,9.311,21.142407136015066,78.85759286398493
Taiwan,Operating,13.978889500000001,40.0938,25.85203293799544,74.14796706200455
Tajikistan,Announced,2.053387096774194,0.0,100.0,0.0
Tajikistan,Pre-construction,0.2,0.0,100.0,0.0
Tajikistan,Construction,2.5475,0.0,100.0,0.0
Tajikistan,Operating,5.8351999999999995,0.606,90.5918151897162,9.408184810283798
Tanzania,Announced,4.0365156735751295,1.227,76.68858466290864,23.311415337091354
Tanzania,Pre-construction,1.4112134715025906,0.8,63.82077034577877,36.17922965422123
Tanzania,Construction,0.16313341968911915,0.0,100.0,0.0
Tanzania,Operating,2.8689,0.445,86.57171308729896,13.428286912701049
Thailand,Announced,5.433874342857142,4.85,52.83878586703407,47.16121413296593
Thailand,Pre-construction,2.3832551428571427,0.54,81.52744205994237,18.472557940057627
Thailand,Construction,0.08,0.08,50.0,50.0
Thailand,Operating,13.317025942857143,40.2827,24.845324688888283,75.15467531111172
The Gambia,Announced,0.027080051813471503,0.0,100.0,0.0
The Gambia,Pre-construction,0.6805,0.0,100.0,0.0
The Gambia,Construction,0.0,0.0,0.0,0.0
The Gambia,Operating,0.02001,0.0,100.0,0.0
Togo,Announced,0.4306673575129533,0.0,100.0,0.0
Togo,Pre-construction,0.41673000000000004,0.0,100.0,0.0
Togo,Construction,0.02175,0.0,100.0,0.0
Togo,Operating,0.1379,0.165,45.52657642786398,54.47342357213603
Trinidad and Tobago,Announced,0.0,0.0,0.0,0.0
Trinidad and Tobago,Pre-construction,0.0,0.0,0.0,0.0
Trinidad and Tobago,Construction,0.092,0.0,100.0,0.0
Trinidad and Tobago,Operating,0.0,2.0566,0.0,100.0
Tunisia,Announced,0.88925,1.4,38.84459975974664,61.15540024025336
Tunisia,Pre-construction,1.857660625,0.0,100.0,0.0
Tunisia,Construction,4.6988312500000005,0.0,100.0,0.0
Tunisia,Operating,0.44980000000000003,5.451,7.622695227765728,92.37730477223428
Turkmenistan,Announced,0.0,0.0,0.0,0.0
Turkmenistan,Pre-construction,0.0,0.5,0.0,100.0
Turkmenistan,Construction,0.0,1.574,0.0,100.0
Turkmenistan,Operating,0.009,7.0872,0.1268284433922381,99.87317155660776
Türkiye,Announced,10.737708242424242,0.0,100.0,0.0
Türkiye,Pre-construction,7.067704333333333,1.738,80.26279404566276,19.737205954337252
Türkiye,Construction,5.8603000000000005,0.0,100.0,0.0
Türkiye,Operating,59.25161324242424,46.775800000000004,55.883296055662115,44.11670394433788
Uganda,Announced,19.10041075129534,0.0,100.0,0.0
Uganda,Pre-construction,1.377,0.0,100.0,0.0
Uganda,Construction,0.02088,0.0,100.0,0.0
Uganda,Operating,1.67269,0.189,89.84793386654061,10.152066133459384
Ukraine,Announced,0.7358187500000001,0.81,47.600583833001124,52.39941616699888
Ukraine,Pre-construction,7.889,2.3279,77.21520226291732,22.784797737082677
Ukraine,Construction,0.0,0.0,0.0,0.0
Ukraine,Operating,25.952424,7.2092,78.26041330183347,21.73958669816653
United Arab Emirates,Announced,3.828152142857143,0.0,100.0,0.0
United Arab Emirates,Pre-construction,6.918940714285714,7.3,48.66002927583966,51.33997072416033
United Arab Emirates,Construction,8.535442857142856,1.955,81.36398980841064,18.636010191589353
United Arab Emirates,Operating,13.309222857142856,45.143,22.769404150241773,77.23059584975822
United Kingdom,Announced,11.726,5.2675,69.00285403242417,30.997145967575833
United Kingdom,Pre-construction,116.0489295,11.3557,91.08690159489063,8.91309840510937
United Kingdom,Construction,15.026183687500001,1.942,88.55505081884151,11.44494918115849
United Kingdom,Operating,54.918260062499996,37.039199999999994,59.72137554166257,40.27862445833743
United States,Announced,78.2073,105.7256,42.51947313395265,57.48052686604734
United States,Pre-construction,179.41607580392156,224.75815,44.39077614290088,55.609223857099124
United States,Construction,41.34929607843137,52.031800000000004,44.28015713555326,55.71984286444675
United States,Operating,522.342025,755.2357,40.88534222056822,59.11465777943177
Uruguay,Announced,0.0959074074074074,0.0,100.0,0.0
Uruguay,Pre-construction,3.0102497407407407,0.0,100.0,0.0
Uruguay,Construction,0.0,0.0,0.0,0.0
Uruguay,Operating,4.089580407407408,1.1022,78.77028854249251,21.2297114575075
Uzbekistan,Announced,17.31055806451613,2.4,87.82378463286338,12.176215367136624
Uzbekistan,Pre-construction,5.978225806451612,0.216,96.51288140359647,3.4871185964035183
Uzbekistan,Construction,1.5245,4.433,25.589592950062944,74.41040704993705
Uzbekistan,Operating,5.919833870967742,17.9429,24.807861089923243,75.19213891007675
Vanuatu,Announced,0.00261,0.0,100.0,0.0
Vanuatu,Pre-construction,0.0,0.0,0.0,0.0
Vanuatu,Construction,0.0,0.0,0.0,0.0
Vanuatu,Operating,0.0009570000000000001,0.0,100.0,0.0
Venezuela,Announced,0.05063911111111111,0.0,100.0,0.0
Venezuela,Pre-construction,0.0,0.0,0.0,0.0
Venezuela,Construction,0.05063911111111111,0.0,100.0,0.0
Venezuela,Operating,16.0239,2.0126,88.84151581515262,11.158484184847392
Vietnam,Announced,90.7846473815261,22.95,79.82145236445533,20.178547635544668
Vietnam,Pre-construction,7.00880016064257,25.93,21.278249743344148,78.72175025665584
Vietnam,Construction,2.7341040000000003,13.948,16.38944344190637,83.61055655809362
Vietnam,Operating,40.630091220883536,38.149,51.57471429438489,48.4252857056151
Virgin Islands (U.S.),Announced,0.0,0.0,0.0,0.0
Virgin Islands (U.S.),Pre-construction,0.042199259259259256,0.0,100.0,0.0
Virgin Islands (U.S.),Construction,0.0,0.0,0.0,0.0
Virgin Islands (U.S.),Operating,0.03304518518518519,0.0,100.0,0.0
Western Sahara,Announced,6.69309375,0.0,100.0,0.0
Western Sahara,Pre-construction,10.1,0.0,100.0,0.0
Western Sahara,Construction,0.44,0.0,100.0,0.0
Western Sahara,Operating,0.9054500000000001,0.072,92.63389431684486,7.366105683155149
Yemen,Announced,0.022982142857142857,0.2,10.306718987747256,89.69328101225274
Yemen,Pre-construction,0.009192857142857143,0.05,15.530348738988778,84.46965126101122
Yemen,Construction,0.12869999999999998,0.296,30.303743819166467,69.69625618083353
Yemen,Operating,0.25129357142857145,1.8439,11.99381168668016,88.00618831331984
Zambia,Announced,3.8851589378238343,1.515,71.94527017735301,28.054729822646983
Zambia,Pre-construction,5.106343678756477,0.635,88.93987129964783,11.060128700352168
Zambia,Construction,0.5306007772020725,1.37,27.917529213219872,72.08247078678014
Zambia,Operating,3.398736839378238,0.435,88.65336828725707,11.34663171274294
Zimbabwe,Announced,2.4287589119170985,4.87,33.27632740343739,66.72367259656261
Zimbabwe,Pre-construction,2.046989505181347,0.82,71.39856987554155,28.60143012445845
Zimbabwe,Construction,0.6510411373056996,0.715,47.65897010903899,52.34102989096101
Zimbabwe,Operating,1.2209958860103627,1.79,40.551230630481186,59.44876936951881
