Country,Status,Non-fossil,Fossil,Non-fossil share,Fossil share
World,Announced,2425888.5219874,638275.34,0.7916967340036385,0.2083032659963616
World,Pre-construction,2812664.2683836506,693128.098,0.8022906020772171,0.19770939792278294
World,Construction,1175195.3976086513,481546.35,0.7093413317464438,0.29065866825355624
World,Operating,4142991.7949011237,4459415.67,0.4816084115760661,0.518391588423934
BRICS,Announced,1235591.7087262068,382424.9,0.7636458748707986,0.23635412512920143
BRICS,Pre-construction,1112188.017721458,284121.7,0.7965195712713089,0.20348042872869115
BRICS,Construction,953472.4977327973,308228.2,0.7557041851891909,0.24429581481080903
BRICS,Operating,2123549.352280098,2220301.82,0.4888632846887897,0.5111367153112104
EU27,Announced,177524.04536755042,14016.0,0.9268247014711498,0.07317529852885013
EU27,Pre-construction,548874.606203286,26752.7,0.9535242687209281,0.04647573127907198
EU27,Construction,32265.70579021436,13830.5,0.6999644599179563,0.3000355400820438
EU27,Operating,577993.7626692597,279099.81,0.6743648314491553,0.3256351685508446
G7,Announced,303567.02594558103,102901.6,0.7468399934666133,0.2531600065333867
G7,Pre-construction,876466.5617907719,213192.098,0.804349650154723,0.1956503498452768
G7,Construction,98490.22614377459,47946.8,0.6725773442508662,0.3274226557491337
G7,Operating,1375047.2191802724,1248319.81,0.5241535796879843,0.47584642031201574
G20,Announced,1953375.8459454137,546071.6000000001,0.7815230718750124,0.21847692812498765
G20,Pre-construction,2387551.9966316363,510420.198,0.8238698773764874,0.1761301226235126
G20,Construction,1100086.3478379769,394931.1,0.7358351231478064,0.26416487685219364
G20,Operating,3726276.822657105,3793618.63,0.49552242396407914,0.5044775760359208
OECD,Announced,614814.3020446233,134184.7,0.8208479588975399,0.1791520411024602
OECD,Pre-construction,1164476.1929625631,222858.098,0.8393623660485058,0.16063763395149422
OECD,Construction,127206.89728061097,62067.399999999994,0.6720769756287553,0.32792302437124465
OECD,Operating,1639333.6927812377,1511781.9100000001,0.5202391468387668,0.4797608531612331
African Union,Announced,202404.23488796473,33018.0,0.8597498659558943,0.14025013404410575
African Union,Pre-construction,232120.45919789362,24894.0,0.9031416361643982,0.09685836383560174
African Union,Construction,54934.393919177804,18351.7,0.7495882367500876,0.25041176324991243
African Union,Operating,78235.37292478816,188287.3,0.29354115380219803,0.706458846197802
Afghanistan,Announced,337.0,675.0,0.33300395256917,0.6669960474308301
Afghanistan,Pre-construction,227.0,3800.0,0.05636950583560964,0.9436304941643904
Afghanistan,Construction,120.84403866809882,50.0,0.7073354131065953,0.2926645868934047
Afghanistan,Operating,434.31211170784104,266.6,0.6196384745722213,0.3803615254277787
Albania,Announced,2701.8192430278887,110.2,0.9608110789877312,0.03918892101226886
Albania,Pre-construction,568.2625135820355,520.0,0.5221741137729621,0.477825886227038
Albania,Construction,237.0,0.0,1.0,0.0
Albania,Operating,2090.4331756609927,0.0,1.0,0.0
Algeria,Announced,45.53125,0.0,1.0,0.0
Algeria,Pre-construction,1684.87125,0.0,1.0,0.0
Algeria,Construction,2255.315,4385.0,0.3396397610655518,0.6603602389344481
Algeria,Operating,626.00125,27580.6,0.02219343069558939,0.9778065693044106
Andorra,Announced,0.0,0.0,0.0,0.0
Andorra,Pre-construction,0.0,0.0,0.0,0.0
Andorra,Construction,0.0,0.0,0.0,0.0
Andorra,Operating,66.3,0.0,1.0,0.0
Angola,Announced,1177.3166666666666,0.0,1.0,0.0
Angola,Pre-construction,788.3,1800.0,0.30456284047444265,0.6954371595255573
Angola,Construction,2193.75,0.0,1.0,0.0
Angola,Operating,4292.873066666667,929.0,0.8220944882919151,0.1779055117080849
Anguilla,Announced,0.0,0.0,0.0,0.0
Anguilla,Pre-construction,0.0,0.0,0.0,0.0
Anguilla,Construction,0.0,0.0,0.0,0.0
Anguilla,Operating,1.2,0.0,1.0,0.0
Antigua and Barbuda,Announced,0.0,0.0,0.0,0.0
Antigua and Barbuda,Pre-construction,0.0,0.0,0.0,0.0
Antigua and Barbuda,Construction,0.0,46.0,0.0,1.0
Antigua and Barbuda,Operating,10.299999999999999,0.0,1.0,0.0
Argentina,Announced,13758.633260869565,0.0,1.0,0.0
Argentina,Pre-construction,3924.1108260869564,0.0,1.0,0.0
Argentina,Construction,1203.5641304347826,140.0,0.8957995403206429,0.10420045967935707
Argentina,Operating,19596.885717391306,23555.2,0.4541353075198703,0.5458646924801296
Armenia,Announced,1400.0,0.0,1.0,0.0
Armenia,Pre-construction,176.0,126.0,0.5827814569536424,0.41721854304635764
Armenia,Construction,230.85935714285714,50.0,0.8219749539105873,0.17802504608941286
Armenia,Operating,1671.0995714285714,1127.0,0.5972266278484831,0.40277337215151693
Australia,Announced,217955.94235714286,4583.0,0.9794058516165456,0.020594148383454376
Australia,Pre-construction,157950.12735714286,2101.4,0.9868704783097079,0.013129521690292184
Australia,Construction,7283.166964285714,1120.0,0.8667169169956862,0.13328308300431374
Australia,Operating,36003.96932142857,42566.3,0.4582390977194876,0.5417609022805123
Austria,Announced,222.0,0.0,1.0,0.0
Austria,Pre-construction,2547.0,0.0,1.0,0.0
Austria,Construction,604.76,0.0,1.0,0.0
Austria,Operating,16764.784,4826.0,0.7764787049882024,0.22352129501179763
Azerbaijan,Announced,3058.1642857142856,0.0,1.0,0.0
Azerbaijan,Pre-construction,1102.0035714285714,500.0,0.6878908331308339,0.31210916686916607
Azerbaijan,Construction,427.08214285714286,0.0,1.0,0.0
Azerbaijan,Operating,1508.5,7140.9,0.17440516105163364,0.8255948389483664
Bahrain,Announced,2216.9285714285716,0.0,1.0,0.0
Bahrain,Pre-construction,222.92842857142858,1200.0,0.156668757258045,0.8433312427419549
Bahrain,Construction,87.33214285714286,1800.0,0.04627280004087402,0.953727199959126
Bahrain,Operating,11.6,9281.9,0.0012481842147737665,0.9987518157852262
Bangladesh,Announced,2150.0023630504834,18050.0,0.10643574809591275,0.8935642519040873
Bangladesh,Pre-construction,1469.794522019334,2450.0,0.37496723712500873,0.6250327628749912
Bangladesh,Construction,2448.3,2710.0,0.47463311556132837,0.5253668844386716
Bangladesh,Operating,1439.414865735768,27884.2,0.04908722448874146,0.9509127755112585
Barbados,Announced,9.59074074074074,0.0,1.0,0.0
Barbados,Pre-construction,109.74444444444444,0.0,1.0,0.0
Barbados,Construction,50.0,0.0,1.0,0.0
Barbados,Operating,25.19074074074074,183.0,0.1209983722192078,0.8790016277807922
Belarus,Announced,0.0,0.0,0.0,0.0
Belarus,Pre-construction,0.0,0.0,0.0,0.0
Belarus,Construction,0.0,0.0,0.0,0.0
Belarus,Operating,2686.670858369099,9230.2,0.22545103410953526,0.7745489658904646
Belgium,Announced,393.3578260869565,0.0,1.0,0.0
Belgium,Pre-construction,3921.547,900.0,0.8133379183071324,0.18666208169286744
Belgium,Construction,96.08277749360613,870.0,0.09945605048760124,0.9005439495123987
Belgium,Operating,10512.56735549872,6069.0,0.6339911740618766,0.36600882593812334
Belize,Announced,57.544444444444444,0.0,1.0,0.0
Belize,Pre-construction,0.0,0.0,0.0,0.0
Belize,Construction,0.0,0.0,0.0,0.0
Belize,Operating,31.7,0.0,1.0,0.0
Benin,Announced,27.0,140.0,0.16167664670658682,0.8383233532934131
Benin,Pre-construction,45.133419689119165,0.0,1.0,0.0
Benin,Construction,43.5,0.0,1.0,0.0
Benin,Operating,24.65,127.4,0.16211772443275235,0.8378822755672476
Bermuda,Announced,69.77729083665338,0.0,1.0,0.0
Bermuda,Pre-construction,60.0,0.0,1.0,0.0
Bermuda,Construction,0.0,0.0,0.0,0.0
Bermuda,Operating,6.0,114.0,0.05,0.95
Bhutan,Announced,473.05048335123524,0.0,1.0,0.0
Bhutan,Pre-construction,9830.84656283566,0.0,1.0,0.0
Bhutan,Construction,1313.5321160042965,0.0,1.0,0.0
Bhutan,Operating,3479.138,0.0,1.0,0.0
Bolivia,Announced,2177.3444444444444,140.0,0.9395860203969103,0.060413979603089744
Bolivia,Pre-construction,1377.4518518518519,0.0,1.0,0.0
Bolivia,Construction,721.0225925925926,0.0,1.0,0.0
Bolivia,Operating,1164.0930555555556,2431.7000000000003,0.32373750034280024,0.6762624996571998
Bosnia and Herzegovina,Announced,890.9444404201377,237.5,0.7895332800686448,0.21046671993135524
Bosnia and Herzegovina,Pre-construction,4162.872216588193,1050.0,0.7985755344896558,0.2014244655103442
Bosnia and Herzegovina,Construction,483.75,0.0,1.0,0.0
Bosnia and Herzegovina,Operating,2776.028877218399,1990.0,0.5824616150539512,0.4175383849460486
Botswana,Announced,562.6670984455959,615.0,0.47778111419454683,0.5222188858054532
Botswana,Pre-construction,3154.6900259067356,0.0,1.0,0.0
Botswana,Construction,0.0,700.0,0.0,1.0
Botswana,Operating,118.80000000000001,802.0,0.12901824500434406,0.870981754995656
Brazil,Announced,263638.9185185185,31041.9,0.8946592446835855,0.10534075531641449
Brazil,Pre-construction,141015.4436851852,10482.7,0.9308064129037569,0.06919358709624301
Brazil,Construction,7898.436777777778,3312.9,0.7045044613621305,0.2954955386378694
Brazil,Operating,181842.56387037036,28251.2,0.8655305160917045,0.1344694839082955
Brunei,Announced,0.0,500.0,0.0,1.0
Brunei,Pre-construction,0.0,0.0,0.0,0.0
Brunei,Construction,30.0,0.0,1.0,0.0
Brunei,Operating,5.2,432.0,0.011893870082342179,0.9881061299176579
Bulgaria,Announced,2884.947253218884,240.0,0.9231987036732267,0.07680129632677338
Bulgaria,Pre-construction,3109.478240343348,42.0,0.9866729208336771,0.013327079166322968
Bulgaria,Construction,347.382660944206,0.0,1.0,0.0
Bulgaria,Operating,8675.787901287553,4186.0,0.6745398048757317,0.32546019512426827
Burkina Faso,Announced,321.0,0.0,1.0,0.0
Burkina Faso,Pre-construction,119.67145077720207,0.0,1.0,0.0
Burkina Faso,Construction,0.0,0.0,0.0,0.0
Burkina Faso,Operating,194.71541968911916,201.9,0.4909426361732073,0.5090573638267927
Burundi,Announced,6.525,0.0,1.0,0.0
Burundi,Pre-construction,0.0,0.0,0.0,0.0
Burundi,Construction,0.0,0.0,0.0,0.0
Burundi,Operating,51.0,30.0,0.6296296296296297,0.37037037037037035
Cabo Verde,Announced,24.08162694300518,0.0,1.0,0.0
Cabo Verde,Pre-construction,0.0,0.0,0.0,0.0
Cabo Verde,Construction,5.0,0.0,1.0,0.0
Cabo Verde,Operating,51.241753886010365,0.0,1.0,0.0
Cambodia,Announced,4737.5015576323985,0.0,1.0,0.0
Cambodia,Pre-construction,293.5202492211838,0.0,1.0,0.0
Cambodia,Construction,230.0,1165.0,0.16487455197132617,0.8351254480286738
Cambodia,Operating,1805.5050778816199,2255.5,0.44459562183641554,0.5554043781635845
Cameroon,Announced,2560.721761658031,500.0,0.8366398389218026,0.16336016107819737
Cameroon,Pre-construction,2230.0,350.0,0.8643410852713178,0.13565891472868216
Cameroon,Construction,26.026,0.0,1.0,0.0
Cameroon,Operating,1575.6797357512953,364.0,0.8123401542579852,0.18765984574201475
Canada,Announced,5186.394371134021,8991.0,0.36582140803629004,0.6341785919637098
Canada,Pre-construction,26837.98443298969,7438.0,0.782996750551645,0.21700324944835517
Canada,Construction,1315.745587628866,470.0,0.7368046135709222,0.2631953864290778
Canada,Operating,119398.03659793815,33043.9,0.7832361570743327,0.2167638429256673
Cayman Islands,Announced,0.0,0.0,0.0,0.0
Cayman Islands,Pre-construction,0.0,0.0,0.0,0.0
Cayman Islands,Construction,0.0,0.0,0.0,0.0
Cayman Islands,Operating,4.9,153.7,0.030895334174022702,0.9691046658259773
Central African Republic,Announced,13.05,0.0,1.0,0.0
Central African Republic,Pre-construction,195.0,0.0,1.0,0.0
Central African Republic,Construction,45.13341968911917,0.0,1.0,0.0
Central African Republic,Operating,42.51137305699482,50.0,0.4595259118119912,0.5404740881880088
Chad,Announced,391.0673575129533,90.0,0.8129160114598367,0.1870839885401633
Chad,Pre-construction,0.0,0.0,0.0,0.0
Chad,Construction,56.1,0.0,1.0,0.0
Chad,Operating,111.92681347150258,89.0,0.5570526478656227,0.4429473521343773
Chile,Announced,17994.247786666667,0.0,1.0,0.0
Chile,Pre-construction,39992.25442666667,199.8,0.9950288681967091,0.004971131803290864
Chile,Construction,3160.386033333333,577.4,0.8455235278716373,0.15447647212836269
Chile,Operating,26853.74623333333,10242.8,0.723888042418454,0.2761119575815462
China,Announced,713514.9387962662,279959.0,0.7182019688013056,0.28179803119869434
China,Pre-construction,764204.5990517451,173786.0,0.814725222005756,0.185274777994244
China,Construction,737233.861187297,235029.6,0.7582655222762467,0.24173447772375337
China,Operating,1584987.1211298702,1443278.84,0.5233975950178757,0.47660240498212425
Colombia,Announced,11330.624074074074,4011.0,0.7385544072365703,0.2614455927634297
Colombia,Pre-construction,24584.691944444443,0.0,1.0,0.0
Colombia,Construction,2259.7685370370373,0.0,1.0,0.0
Colombia,Operating,15002.098648148149,5972.0,0.7152678596499649,0.2847321403500351
Cook Islands,Announced,0.0,0.0,0.0,0.0
Cook Islands,Pre-construction,0.0,0.0,0.0,0.0
Cook Islands,Construction,0.0,0.0,0.0,0.0
Cook Islands,Operating,1.0298697318007664,0.0,1.0,0.0
Costa Rica,Announced,249.38703703703703,0.0,1.0,0.0
Costa Rica,Pre-construction,135.0,0.0,1.0,0.0
Costa Rica,Construction,55.0,0.0,1.0,0.0
Costa Rica,Operating,2547.7,546.7,0.8233260082730094,0.17667399172699072
Croatia,Announced,1691.447237957262,0.0,1.0,0.0
Croatia,Pre-construction,2168.972010141253,0.0,1.0,0.0
Croatia,Construction,205.06742122419413,0.0,1.0,0.0
Croatia,Operating,3361.7,1637.8,0.6724072407240723,0.32759275927592757
Cuba,Announced,1414.6889814814815,200.0,0.876137137062458,0.12386286293754198
Cuba,Pre-construction,179.34685185185185,0.0,1.0,0.0
Cuba,Construction,196.1070740740741,0.0,1.0,0.0
Cuba,Operating,901.3977222222222,1242.0,0.42054617903002867,0.5794538209699714
Curaçao,Announced,0.0,0.0,0.0,0.0
Curaçao,Pre-construction,0.0,0.0,0.0,0.0
Curaçao,Construction,0.0,0.0,0.0,0.0
Curaçao,Operating,69.5,0.0,1.0,0.0
Cyprus,Announced,0.0,0.0,0.0,0.0
Cyprus,Pre-construction,149.64,185.0,0.44716710494860146,0.5528328950513985
Cyprus,Construction,16.0,420.0,0.03669724770642202,0.963302752293578
Cyprus,Operating,551.9,1853.0,0.2294897916753295,0.7705102083246704
Czech Republic,Announced,2100.0,1900.0,0.525,0.475
Czech Republic,Pre-construction,3612.0,1173.0,0.754858934169279,0.245141065830721
Czech Republic,Construction,184.4,109.0,0.6284935241990457,0.37150647580095436
Czech Republic,Operating,8993.31,8732.6,0.507353924283718,0.492646075716282
Côte d'Ivoire,Announced,699.1655699481865,0.0,1.0,0.0
Côte d'Ivoire,Pre-construction,489.52,372.0,0.5682050329649921,0.4317949670350079
Côte d'Ivoire,Construction,293.67341968911916,0.0,1.0,0.0
Côte d'Ivoire,Operating,999.06,1669.0,0.37445184890894506,0.6255481510910549
DR Congo,Announced,1568.447279792746,240.0,0.8672894683291488,0.13271053167085126
DR Congo,Pre-construction,5838.71,0.0,1.0,0.0
DR Congo,Construction,372.29367875647665,0.0,1.0,0.0
DR Congo,Operating,2917.842694300518,0.0,1.0,0.0
Denmark,Announced,4055.343024691358,0.0,1.0,0.0
Denmark,Pre-construction,24402.806567901236,0.0,1.0,0.0
Denmark,Construction,0.0,0.0,0.0,0.0
Denmark,Operating,9971.896901234568,1614.2,0.8606778439917935,0.13932215600820647
Djibouti,Announced,97.56670984455958,50.0,0.6611701917548488,0.3388298082451513
Djibouti,Pre-construction,9112.783937823835,0.0,1.0,0.0
Djibouti,Construction,0.0,0.0,0.0,0.0
Djibouti,Operating,208.52694300518135,108.0,0.6587968184489366,0.34120318155106344
Dominican Republic,Announced,2430.8671249999998,145.0,0.9437082764896112,0.05629172351038876
Dominican Republic,Pre-construction,2259.308,0.0,1.0,0.0
Dominican Republic,Construction,487.6,1942.0,0.20069147184721767,0.7993085281527824
Dominican Republic,Operating,2235.387458333333,4057.1,0.35524702641607037,0.6447529735839296
Ecuador,Announced,4446.722222222223,587.0,0.8833864933172934,0.11661350668270662
Ecuador,Pre-construction,7032.473722222222,530.0,0.9299171118515622,0.07008288814843779
Ecuador,Construction,0.0,241.25,0.0,1.0
Ecuador,Operating,5517.234740740741,1601.8,0.774997586283259,0.22500241371674098
Egypt,Announced,28368.094736842104,125.0,0.9956129721550263,0.004387027844973704
Egypt,Pre-construction,49474.79789473684,0.0,1.0,0.0
Egypt,Construction,23903.018842105263,2250.0,0.9139678668231755,0.08603213317682448
Egypt,Operating,9259.653684210527,54452.1,0.14533666315490726,0.8546633368450928
El Salvador,Announced,100.0,0.0,1.0,0.0
El Salvador,Pre-construction,0.0,0.0,0.0,0.0
El Salvador,Construction,89.52418518518519,0.0,1.0,0.0
El Salvador,Operating,1868.805925925926,929.5,0.6678347455193129,0.33216525448068707
Equatorial Guinea,Announced,0.0,0.0,0.0,0.0
Equatorial Guinea,Pre-construction,0.0,0.0,0.0,0.0
Equatorial Guinea,Construction,200.0,0.0,1.0,0.0
Equatorial Guinea,Operating,124.51334196891192,218.0,0.3635284431641595,0.6364715568358406
Eritrea,Announced,10.8320207253886,0.0,1.0,0.0
Eritrea,Pre-construction,26.1,0.0,1.0,0.0
Eritrea,Construction,0.0,0.0,0.0,0.0
Eritrea,Operating,22.8,168.0,0.11949685534591195,0.880503144654088
Estonia,Announced,4869.0,200.0,0.9605444860919313,0.03945551390806865
Estonia,Pre-construction,8745.1,100.0,0.9886943053215905,0.011305694678409514
Estonia,Construction,300.6441975308642,0.0,1.0,0.0
Estonia,Operating,1794.1618271604939,458.1,0.7966044646871528,0.2033955353128472
Eswatini,Announced,19.5,0.0,1.0,0.0
Eswatini,Pre-construction,245.75349740932643,300.0,0.4503012780969981,0.549698721903002
Eswatini,Construction,0.0,0.0,0.0,0.0
Eswatini,Operating,108.72668393782384,0.0,1.0,0.0
Ethiopia,Announced,2365.002590673575,0.0,1.0,0.0
Ethiopia,Pre-construction,6225.334196891192,0.0,1.0,0.0
Ethiopia,Construction,2230.0,0.0,1.0,0.0
Ethiopia,Operating,10134.5,0.0,1.0,0.0
Faroe Islands,Announced,0.0,0.0,0.0,0.0
Faroe Islands,Pre-construction,0.0,0.0,0.0,0.0
Faroe Islands,Construction,0.0,0.0,0.0,0.0
Faroe Islands,Operating,37.0,0.0,1.0,0.0
Fiji,Announced,38.65984674329502,0.0,1.0,0.0
Fiji,Pre-construction,7.0218390804597695,0.0,1.0,0.0
Fiji,Construction,0.0,0.0,0.0,0.0
Fiji,Operating,178.3,128.0,0.5821090434214822,0.41789095657851777
Finland,Announced,6699.204783950618,0.0,1.0,0.0
Finland,Pre-construction,38488.094833333336,0.0,1.0,0.0
Finland,Construction,1061.8816975308641,0.0,1.0,0.0
Finland,Operating,19660.9387654321,3427.2,0.8515601437249132,0.14843985627508674
France,Announced,18015.768314606743,0.0,1.0,0.0
France,Pre-construction,16748.22168539326,647.0,0.9628058778610862,0.03719412213891387
France,Construction,1911.9724831460674,0.0,1.0,0.0
France,Operating,125902.2936516854,13521.7,0.90301741008954,0.09698258991046013
French Guiana,Announced,0.0,0.0,0.0,0.0
French Guiana,Pre-construction,0.0,0.0,0.0,0.0
French Guiana,Construction,220.26829629629628,0.0,1.0,0.0
French Guiana,Operating,164.09537037037038,144.6,0.5315770371725692,0.46842296282743084
French Polynesia,Announced,0.0,0.0,0.0,0.0
French Polynesia,Pre-construction,0.0,0.0,0.0,0.0
French Polynesia,Construction,8.426206896551724,0.0,1.0,0.0
French Polynesia,Operating,16.885961685823755,0.0,1.0,0.0
Gabon,Announced,0.0,0.0,0.0,0.0
Gabon,Pre-construction,853.03,21.0,0.9759733647586467,0.024026635241353272
Gabon,Construction,35.0,125.0,0.21875,0.78125
Gabon,Operating,333.57,496.0,0.40209988307195293,0.5979001169280471
Georgia,Announced,989.1592857142857,0.0,1.0,0.0
Georgia,Pre-construction,910.0,400.0,0.6946564885496184,0.3053435114503817
Georgia,Construction,787.0,0.0,1.0,0.0
Georgia,Operating,3008.6,1168.2,0.7203122007278299,0.2796877992721701
Germany,Announced,7973.234542199489,6830.0,0.538614349416017,0.46138565058398295
Germany,Pre-construction,16603.884491048593,6607.4,0.7153367362091427,0.2846632637908572
Germany,Construction,2458.4700000000003,1644.0,0.5992658081594747,0.40073419184052533
Germany,Operating,93496.61160102302,62748.31,0.5983977632231143,0.4016022367768858
Ghana,Announced,5009.923834196891,330.0,0.9382013657410844,0.06179863425891561
Ghana,Pre-construction,1519.6937823834196,0.0,1.0,0.0
Ghana,Construction,270.80051813471505,0.0,1.0,0.0
Ghana,Operating,1931.0500103626944,3629.0,0.3473080290219777,0.6526919709780222
Gibraltar,Announced,0.0,0.0,0.0,0.0
Gibraltar,Pre-construction,0.0,250.0,0.0,1.0
Gibraltar,Construction,0.0,0.0,0.0,0.0
Gibraltar,Operating,0.0,86.4,0.0,1.0
Greece,Announced,20961.129,557.0,0.9741148498552081,0.02588515014479186
Greece,Pre-construction,66735.169,2826.0,0.9593738857378892,0.04062611426211081
Greece,Construction,7338.135,840.0,0.8972870954074492,0.10271290459255074
Greece,Operating,13854.451007968128,9062.6,0.6045477231407748,0.39545227685922535
Guadeloupe,Announced,0.0,0.0,0.0,0.0
Guadeloupe,Pre-construction,10.0,0.0,1.0,0.0
Guadeloupe,Construction,64.0,0.0,1.0,0.0
Guadeloupe,Operating,130.6,292.2,0.30889309366130563,0.6911069063386944
Guatemala,Announced,0.0,0.0,0.0,0.0
Guatemala,Pre-construction,111.82844444444444,0.0,1.0,0.0
Guatemala,Construction,228.39888888888888,0.0,1.0,0.0
Guatemala,Operating,2315.1494814814814,495.0,0.8238527867424899,0.17614721325751012
Guinea,Announced,605.2864248704662,1800.0,0.2516483769300212,0.7483516230699787
Guinea,Pre-construction,586.0,0.0,1.0,0.0
Guinea,Construction,300.0,0.0,1.0,0.0
Guinea,Operating,815.0,389.0,0.6769102990033222,0.3230897009966777
Guinea-Bissau,Announced,70.3307512953368,0.0,1.0,0.0
Guinea-Bissau,Pre-construction,0.0,0.0,0.0,0.0
Guinea-Bissau,Construction,0.0,0.0,0.0,0.0
Guinea-Bissau,Operating,9.026683937823833,0.0,1.0,0.0
Guyana,Announced,17.955185185185186,300.0,0.056470804760512486,0.9435291952394874
Guyana,Pre-construction,213.1008888888889,0.0,1.0,0.0
Guyana,Construction,6.96,300.0,0.02267396403440188,0.9773260359655982
Guyana,Operating,35.00768518518518,72.0,0.3271511305435833,0.6728488694564168
Haiti,Announced,32.0,0.0,1.0,0.0
Haiti,Pre-construction,0.0,0.0,0.0,0.0
Haiti,Construction,11.508888888888889,0.0,1.0,0.0
Haiti,Operating,0.0,0.0,0.0,0.0
Honduras,Announced,332.79870370370367,0.0,1.0,0.0
Honduras,Pre-construction,828.0,0.0,1.0,0.0
Honduras,Construction,200.0,70.0,0.7407407407407407,0.25925925925925924
Honduras,Operating,1772.797074074074,1244.8,0.5874863444510872,0.4125136555489129
Hong Kong,Announced,400.0,0.0,1.0,0.0
Hong Kong,Pre-construction,0.0,130.0,0.0,1.0
Hong Kong,Construction,180.0,770.0,0.18947368421052632,0.8105263157894737
Hong Kong,Operating,0.9170759101471727,10205.5,8.985287425806998e-05,0.9999101471257419
Hungary,Announced,290.12,0.0,1.0,0.0
Hungary,Pre-construction,2661.37,1000.0,0.7268781904041384,0.2731218095958617
Hungary,Construction,117.7236051502146,540.0,0.17898643781125695,0.8210135621887431
Hungary,Operating,6447.665051502146,3908.5,0.6225919555585802,0.37740804444141973
Iceland,Announced,350.0,0.0,1.0,0.0
Iceland,Pre-construction,263.2,0.0,1.0,0.0
Iceland,Construction,138.0,0.0,1.0,0.0
Iceland,Operating,2767.4,0.0,1.0,0.0
India,Announced,162065.89729090908,42860.0,0.790851226874675,0.209148773125325
India,Pre-construction,98061.70105227272,55280.0,0.6394979342171535,0.3605020657828465
India,Construction,155432.4542272727,40530.0,0.7931746662399204,0.2068253337600796
India,Operating,196374.5667909091,282634.4,0.4099601059798699,0.59003989402013
Indonesia,Announced,13791.22246105919,21802.0,0.387467655566941,0.612532344433059
Indonesia,Pre-construction,15451.80031152648,6565.0,0.7018186154614384,0.2981813845385616
Indonesia,Construction,4911.0,6690.0,0.4233255753814326,0.5766744246185673
Indonesia,Operating,12095.76015576324,85828.0,0.12352221908679792,0.876477780913202
Iran,Announced,2676.032223415682,180.0,0.9369755010030215,0.06302449899697853
Iran,Pre-construction,6057.0,6589.0,0.47896568084769886,0.5210343191523011
Iran,Construction,2435.0,10377.2,0.1900532305146657,0.8099467694853343
Iran,Operating,14605.254135338346,80485.4,0.15359295051805336,0.8464070494819467
Iraq,Announced,1208.8607142857143,1234.0,0.49485453968634546,0.5051454603136545
Iraq,Pre-construction,6415.839285714285,35220.0,0.15409415051507394,0.8459058494849261
Iraq,Construction,2061.2999999999997,13361.9,0.13364930753669796,0.8663506924633021
Iraq,Operating,3407.75,46890.6,0.06775073138582081,0.9322492686141792
Ireland,Announced,11919.769969135803,1185.0,0.9095749102967166,0.09042508970328345
Ireland,Pre-construction,44100.6012654321,3521.1,0.9260610203660256,0.07393897963397446
Ireland,Construction,794.7690740740741,1008.5,0.44073792730137334,0.5592620726986267
Ireland,Operating,5788.911395061728,6360.2,0.4764884613219332,0.5235115386780668
Israel,Announced,321.75,0.0,1.0,0.0
Israel,Pre-construction,741.9121428571428,3850.0,0.16156932445042738,0.8384306755495727
Israel,Construction,156.0,6446.5,0.023627413858386976,0.976372586141613
Israel,Operating,3599.2672857142857,16433.0,0.17967348550111698,0.820326514498883
Italy,Announced,16691.969931899643,885.0,0.9496500248092332,0.05034997519076674
Italy,Pre-construction,41011.25335125448,2964.0,0.9325984554011569,0.06740154459884302
Italy,Construction,972.8230788530466,1858.0,0.34365378964170434,0.6563462103582958
Italy,Operating,34271.43770250896,50045.0,0.4064621162415305,0.5935378837584695
Jamaica,Announced,0.0,0.0,0.0,0.0
Jamaica,Pre-construction,97.76188888888888,0.0,1.0,0.0
Jamaica,Construction,0.0,0.0,0.0,0.0
Jamaica,Operating,170.04,713.8,0.1923877624909486,0.8076122375090514
Japan,Announced,33943.28620689655,9500.5,0.7813151009731323,0.21868489902686772
Japan,Pre-construction,10204.065850574712,7100.0,0.589691806462688,0.41030819353731196
Japan,Construction,9290.595,1865.2,0.8328043855233983,0.16719561447660164
Japan,Operating,97632.7348505747,150415.1,0.3936044630641068,0.6063955369358931
Jordan,Announced,1183.857142857143,700.0,0.6284219306893153,0.37157806931068477
Jordan,Pre-construction,937.2214285714285,600.0,0.6096853785354838,0.39031462146451623
Jordan,Construction,0.0,0.0,0.0,0.0
Jordan,Operating,2336.319285714286,4652.8,0.3342794979175283,0.6657205020824717
Kazakhstan,Announced,53520.952580645164,3435.04,0.9396895770864452,0.06031042291355481
Kazakhstan,Pre-construction,1306.741935483871,10046.0,0.11510364129739867,0.8848963587026013
Kazakhstan,Construction,77.0,3509.5,0.021469399135647566,0.9785306008643524
Kazakhstan,Operating,5141.52064516129,18250.85,0.21979476655671124,0.7802052334432887
Kenya,Announced,3569.9105440414505,0.0,1.0,0.0
Kenya,Pre-construction,6985.363406735752,0.0,1.0,0.0
Kenya,Construction,307.8,0.0,1.0,0.0
Kenya,Operating,2577.183419689119,565.1,0.8201626255419354,0.17983737445806466
Kiribati,Announced,8.426206896551724,0.0,1.0,0.0
Kiribati,Pre-construction,0.0,0.0,0.0,0.0
Kiribati,Construction,7.0218390804597695,0.0,1.0,0.0
Kiribati,Operating,4.140613026819923,0.0,1.0,0.0
Kosovo,Announced,226.68710612097067,500.0,0.3119459588749527,0.6880540411250474
Kosovo,Pre-construction,384.6677145961608,0.0,1.0,0.0
Kosovo,Construction,130.5,0.0,1.0,0.0
Kosovo,Operating,186.9,1290.0,0.12654885232581758,0.8734511476741823
Kuwait,Announced,3078.9285714285716,3000.0,0.506491980494683,0.493508019505317
Kuwait,Pre-construction,1155.1571428571428,18000.0,0.060305281457212936,0.939694718542787
Kuwait,Construction,0.0,250.0,0.0,1.0
Kuwait,Operating,41.3,20335.5,0.002026814808998469,0.9979731851910015
Kyrgyzstan,Announced,5560.725806451613,2150.0,0.7211676236495037,0.2788323763504963
Kyrgyzstan,Pre-construction,3511.8225806451615,1378.0,0.7181901843526218,0.2818098156473782
Kyrgyzstan,Construction,1860.0,611.0,0.7527316875758802,0.24726831242411978
Kyrgyzstan,Operating,3179.0,813.0,0.7963426853707415,0.2036573146292585
Laos,Announced,5733.5046728971965,1600.0,0.7818232794051116,0.21817672059488838
Laos,Pre-construction,7552.803738317757,1500.0,0.8343054766943684,0.16569452330563153
Laos,Construction,4902.0,300.0,0.9423298731257209,0.05767012687427912
Laos,Operating,11756.653271028037,1878.0,0.862262724055439,0.137737275944561
Latvia,Announced,3781.5854938271605,0.0,1.0,0.0
Latvia,Pre-construction,1628.724197530864,0.0,1.0,0.0
Latvia,Construction,198.81944444444446,0.0,1.0,0.0
Latvia,Operating,2216.4904320987653,1087.0,0.6709540946636222,0.3290459053363778
Lebanon,Announced,0.0,0.0,0.0,0.0
Lebanon,Pre-construction,220.0,825.0,0.21052631578947367,0.7894736842105263
Lebanon,Construction,100.0,0.0,1.0,0.0
Lebanon,Operating,195.1,2824.0,0.0646219071908847,0.9353780928091153
Lesotho,Announced,138.26683937823833,0.0,1.0,0.0
Lesotho,Pre-construction,186.8,0.0,1.0,0.0
Lesotho,Construction,0.0,0.0,0.0,0.0
Lesotho,Operating,29.200000000000003,0.0,1.0,0.0
Liberia,Announced,88.05743523316062,0.0,1.0,0.0
Liberia,Pre-construction,300.0,270.0,0.5263157894736842,0.47368421052631576
Liberia,Construction,17.4,0.0,1.0,0.0
Liberia,Operating,88.0,38.0,0.6984126984126984,0.30158730158730157
Libya,Announced,240.0,0.0,1.0,0.0
Libya,Pre-construction,2255.26875,1160.0,0.6603488378476804,0.3396511621523196
Libya,Construction,104.721875,5460.0,0.018818887511786023,0.9811811124882139
Libya,Operating,455.3125,14672.0,0.03009870391716969,0.9699012960828303
Lithuania,Announced,1556.41237654321,0.0,1.0,0.0
Lithuania,Pre-construction,2232.927777777778,0.0,1.0,0.0
Lithuania,Construction,185.0,0.0,1.0,0.0
Lithuania,Operating,3292.5895061728397,1148.0,0.7414757661332642,0.2585242338667358
Luxembourg,Announced,17.0,0.0,1.0,0.0
Luxembourg,Pre-construction,70.5,0.0,1.0,0.0
Luxembourg,Construction,0.0,0.0,0.0,0.0
Luxembourg,Operating,1531.7603657289003,0.0,1.0,0.0
Macao,Announced,0.0,450.0,0.0,1.0
Macao,Pre-construction,0.0,0.0,0.0,0.0
Macao,Construction,0.0,0.0,0.0,0.0
Macao,Operating,58.7,407.2,0.12599270229663018,0.8740072977033698
Madagascar,Announced,210.98367875647668,0.0,1.0,0.0
Madagascar,Pre-construction,768.1286010362694,0.0,1.0,0.0
Madagascar,Construction,107.83018134715026,0.0,1.0,0.0
Madagascar,Operating,220.22165284974093,407.0,0.3511065854457959,0.648893414554204
Malawi,Announced,405.78018134715023,150.0,0.730109124012993,0.269890875987007
Malawi,Pre-construction,779.5800518134715,400.0,0.6608962661033093,0.33910373389669063
Malawi,Construction,61.553367875647666,0.0,1.0,0.0
Malawi,Operating,451.87,103.0,0.8143709337322256,0.18562906626777442
Malaysia,Announced,8196.347058823529,2975.0,0.7336937090634706,0.26630629093652936
Malaysia,Pre-construction,2740.541176470588,8148.4,0.2516811443882623,0.7483188556117378
Malaysia,Construction,1585.0,1100.2,0.590272605392522,0.4097273946074781
Malaysia,Operating,9005.696470588235,30632.0,0.22720029851559603,0.7727997014844039
Maldives,Announced,0.0,0.0,0.0,0.0
Maldives,Pre-construction,118.26262083780881,0.0,1.0,0.0
Maldives,Construction,1.5,0.0,1.0,0.0
Maldives,Operating,1.9,142.0,0.01320361362056984,0.9867963863794301
Mali,Announced,460.6581606217617,0.0,1.0,0.0
Mali,Pre-construction,265.40999999999997,0.0,1.0,0.0
Mali,Construction,267.53367875647666,0.0,1.0,0.0
Mali,Operating,603.7654404145078,254.0,0.7038817513127403,0.2961182486872596
Malta,Announced,0.0,0.0,0.0,0.0
Malta,Pre-construction,300.0,0.0,1.0,0.0
Malta,Construction,0.0,0.0,0.0,0.0
Malta,Operating,18.7,547.8,0.033009708737864074,0.9669902912621359
Marshall Islands,Announced,0.0,0.0,0.0,0.0
Marshall Islands,Pre-construction,3.48,0.0,1.0,0.0
Marshall Islands,Construction,0.0,0.0,0.0,0.0
Marshall Islands,Operating,0.0,0.0,0.0,0.0
Martinique,Announced,0.0,0.0,0.0,0.0
Martinique,Pre-construction,0.0,0.0,0.0,0.0
Martinique,Construction,11.0,0.0,1.0,0.0
Martinique,Operating,78.55,363.6,0.1776546420897885,0.8223453579102115
Mauritania,Announced,76827.70095854922,180.0,0.9976625714342922,0.0023374285657078407
Mauritania,Pre-construction,30661.58414507772,120.0,0.996101565162,0.003898434838000019
Mauritania,Construction,0.0,0.0,0.0,0.0
Mauritania,Operating,252.2320207253886,420.0,0.3752157186044357,0.6247842813955643
Mauritius,Announced,266.37357512953366,0.0,1.0,0.0
Mauritius,Pre-construction,60.0,0.0,1.0,0.0
Mauritius,Construction,0.0,0.0,0.0,0.0
Mauritius,Operating,229.59328238341968,651.0,0.26072568003471586,0.7392743199652841
Mayotte,Announced,0.0,0.0,0.0,0.0
Mayotte,Pre-construction,0.0,0.0,0.0,0.0
Mayotte,Construction,0.0,0.0,0.0,0.0
Mayotte,Operating,13.254746113989638,0.0,1.0,0.0
Mexico,Announced,8454.197222222223,7737.1,0.5221445265434946,0.47785547345650536
Mexico,Pre-construction,13247.559055555555,1262.0,0.91302285650667,0.08697714349332991
Mexico,Construction,2330.474722222222,5669.7,0.2913029781398177,0.7086970218601822
Mexico,Operating,37316.928611111114,58859.9,0.38800331795095144,0.6119966820490484
Micronesia,Announced,0.0,0.0,0.0,0.0
Micronesia,Pre-construction,2.4218697318007667,0.0,1.0,0.0
Micronesia,Construction,0.0,0.0,0.0,0.0
Micronesia,Operating,3.7409999999999997,0.0,1.0,0.0
Moldova,Announced,0.0,277.5,0.0,1.0
Moldova,Pre-construction,0.0,27.5,0.0,1.0
Moldova,Construction,0.0,0.0,0.0,0.0
Moldova,Operating,229.7,1168.0,0.1643414180439293,0.8356585819560707
Mongolia,Announced,2933.158103020914,1280.0,0.6961898963435016,0.30381010365649835
Mongolia,Pre-construction,96.25379550735863,2770.0,0.03358174201399379,0.9664182579860062
Mongolia,Construction,108.0663954298993,400.0,0.2127013248700677,0.7872986751299322
Mongolia,Operating,339.0707591014717,1295.0,0.2075006588380034,0.7924993411619967
Montenegro,Announced,904.8829177834118,0.0,1.0,0.0
Montenegro,Pre-construction,2629.9351792828684,0.0,1.0,0.0
Montenegro,Construction,63.004,0.0,1.0,0.0
Montenegro,Operating,783.9,225.0,0.7769848349687779,0.22301516503122212
Montserrat,Announced,0.0,0.0,0.0,0.0
Montserrat,Pre-construction,3.0,0.0,1.0,0.0
Montserrat,Construction,0.0,0.0,0.0,0.0
Montserrat,Operating,0.0,0.0,0.0,0.0
Morocco,Announced,1428.0,5550.0,0.20464316423043852,0.7953568357695615
Morocco,Pre-construction,43250.483125,0.0,1.0,0.0
Morocco,Construction,1046.11625,990.0,0.5137802176079092,0.4862197823920908
Morocco,Operating,4530.4037499999995,5993.0,0.4305074534463243,0.5694925465536756
Mozambique,Announced,11580.939611398964,275.0,0.9768048751078658,0.0231951248921342
Mozambique,Pre-construction,4028.2735751295336,2624.0,0.605548393287643,0.3944516067123571
Mozambique,Construction,120.0,500.0,0.1935483870967742,0.8064516129032258
Mozambique,Operating,2270.301,657.6,0.7754022420840049,0.22459775791599512
Myanmar,Announced,7536.09,0.0,1.0,0.0
Myanmar,Pre-construction,3287.9,800.0,0.8043004965874899,0.19569950341251008
Myanmar,Construction,884.0,1516.0,0.36833333333333335,0.6316666666666667
Myanmar,Operating,3786.8636363636365,3357.44,0.5300535684246344,0.4699464315753657
Namibia,Announced,1150.217616580311,0.0,1.0,0.0
Namibia,Pre-construction,12904.586046632125,475.0,0.9644981542519722,0.035501845748027894
Namibia,Construction,7043.274585492228,0.0,1.0,0.0
Namibia,Operating,635.4170544041451,169.5,0.7894192959727068,0.21058070402729326
Nauru,Announced,0.0,0.0,0.0,0.0
Nauru,Pre-construction,0.0,0.0,0.0,0.0
Nauru,Construction,0.0,0.0,0.0,0.0
Nauru,Operating,5.617471264367816,0.0,1.0,0.0
Nepal,Announced,10928.332116004296,0.0,1.0,0.0
Nepal,Pre-construction,22146.0,0.0,1.0,0.0
Nepal,Construction,4516.6,0.0,1.0,0.0
Nepal,Operating,3369.85,0.0,1.0,0.0
Netherlands,Announced,891.427619047619,0.0,1.0,0.0
Netherlands,Pre-construction,21934.023,560.0,0.9751044977592492,0.024895502240750798
Netherlands,Construction,484.56357142857144,0.0,1.0,0.0
Netherlands,Operating,20614.776904761904,18485.5,0.5272284120896159,0.472771587910384
New Caledonia,Announced,0.0,0.0,0.0,0.0
New Caledonia,Pre-construction,0.0,0.0,0.0,0.0
New Caledonia,Construction,0.0,0.0,0.0,0.0
New Caledonia,Operating,236.5,669.0,0.26118166758696854,0.7388183324130315
New Zealand,Announced,14477.369772727272,0.0,1.0,0.0
New Zealand,Pre-construction,4644.917909090909,360.0,0.9280707483041635,0.07192925169583655
New Zealand,Construction,703.64,0.0,1.0,0.0
New Zealand,Operating,8159.095454545454,2353.1,0.7761552274998347,0.2238447725001654
Nicaragua,Announced,250.9537037037037,150.0,0.6258919705332194,0.3741080294667806
Nicaragua,Pre-construction,384.9304814814815,0.0,1.0,0.0
Nicaragua,Construction,170.11824074074073,315.0,0.3506737666284871,0.649326233371513
Nicaragua,Operating,660.5125740740741,380.0,0.6347953792503157,0.3652046207496843
Niger,Announced,673.6007772020725,400.0,0.6274220282864864,0.3725779717135136
Niger,Pre-construction,9.026683937823833,200.0,0.04318436176554794,0.956815638234452
Niger,Construction,0.0,0.0,0.0,0.0
Niger,Operating,53.5,267.0,0.1669266770670827,0.8330733229329174
Nigeria,Announced,3179.5475388601035,13409.0,0.19167124375486996,0.80832875624513
Nigeria,Pre-construction,5208.927461139896,2082.0,0.7144396222432734,0.28556037775672655
Nigeria,Construction,2582.0,1280.7,0.6684443523959924,0.3315556476040076
Nigeria,Operating,3003.2947357512953,11352.5,0.2092043520427308,0.7907956479572692
Norfolk Island,Announced,0.0,0.0,0.0,0.0
Norfolk Island,Pre-construction,0.0,0.0,0.0,0.0
Norfolk Island,Construction,0.0,0.0,0.0,0.0
Norfolk Island,Operating,2.4,0.0,1.0,0.0
North Korea,Announced,0.0,0.0,0.0,0.0
North Korea,Pre-construction,0.0,0.0,0.0,0.0
North Korea,Construction,580.0,0.0,1.0,0.0
North Korea,Operating,4078.0,3250.0,0.556495633187773,0.44350436681222705
North Macedonia,Announced,928.0413980441868,0.0,1.0,0.0
North Macedonia,Pre-construction,686.1425570445491,1205.0,0.36281905586051805,0.637180944139482
North Macedonia,Construction,585.2,0.0,1.0,0.0
North Macedonia,Operating,1030.1283013400941,1242.0,0.45337593864418996,0.54662406135581
Northern Mariana Islands,Announced,26.214865900383142,0.0,1.0,0.0
Northern Mariana Islands,Pre-construction,0.0,0.0,0.0,0.0
Northern Mariana Islands,Construction,0.0,0.0,0.0,0.0
Northern Mariana Islands,Operating,0.0,0.0,0.0,0.0
Norway,Announced,17903.96222222222,0.0,1.0,0.0
Norway,Pre-construction,14589.172080246914,0.0,1.0,0.0
Norway,Construction,300.0,0.0,1.0,0.0
Norway,Operating,34769.366,523.0,0.9851809311962819,0.01481906880371806
Oman,Announced,16963.285714285714,0.0,1.0,0.0
Oman,Pre-construction,50580.86214285714,2400.0,0.9547006239058802,0.04529937609411981
Oman,Construction,1551.5135714285716,0.0,1.0,0.0
Oman,Operating,3159.5942857142854,14253.1,0.1814534978832356,0.8185465021167644
Pakistan,Announced,8373.667454350161,204.0,0.9762173106983133,0.023782689301686727
Pakistan,Pre-construction,22696.082706766916,1950.0,0.9208799214382007,0.07912007856179924
Pakistan,Construction,11224.0,31.5,0.9972013682199813,0.0027986317800186575
Pakistan,Operating,18690.8630773362,29209.8,0.3902005082301173,0.6097994917698827
Palau,Announced,0.0,0.0,0.0,0.0
Palau,Pre-construction,0.0,0.0,0.0,0.0
Palau,Construction,0.0,0.0,0.0,0.0
Palau,Operating,13.311,0.0,1.0,0.0
Palestine,Announced,0.0,500.0,0.0,1.0
Palestine,Pre-construction,0.0,170.0,0.0,1.0
Palestine,Construction,0.0,450.0,0.0,1.0
Palestine,Operating,35.96285714285714,140.0,0.20437754720963838,0.7956224527903617
Panama,Announced,2143.3267985074626,153.0,0.9333718527783393,0.0666281472216607
Panama,Pre-construction,564.826,0.0,1.0,0.0
Panama,Construction,534.624,0.0,1.0,0.0
Panama,Operating,2622.550119402985,1594.0,0.6219658358464639,0.3780341641535361
Papua New Guinea,Announced,19.661149425287356,0.0,1.0,0.0
Papua New Guinea,Pre-construction,904.2986973180076,288.0,0.7584497906037841,0.24155020939621571
Papua New Guinea,Construction,0.0,66.0,0.0,1.0
Papua New Guinea,Operating,259.37,189.0,0.5784731360260499,0.42152686397395006
Paraguay,Announced,1535.9074074074074,0.0,1.0,0.0
Paraguay,Pre-construction,48.0,0.0,1.0,0.0
Paraguay,Construction,220.0,0.0,1.0,0.0
Paraguay,Operating,8764.329074074074,0.0,1.0,0.0
Peru,Announced,38537.126833333336,788.0,0.9799619209534993,0.02003807904650072
Peru,Pre-construction,6066.200296296296,0.0,1.0,0.0
Peru,Construction,787.3105185185185,0.0,1.0,0.0
Peru,Operating,8555.2095,7139.0,0.5451188541863163,0.45488114581368366
Philippines,Announced,54050.75797222222,11489.5,0.8246955328605882,0.17530446713941175
Philippines,Pre-construction,102119.2893611111,9610.0,0.9139885337591265,0.08601146624087355
Philippines,Construction,6089.324944444445,2208.7,0.7338282284293768,0.26617177157062316
Philippines,Operating,9916.561,19524.2,0.33683100107364755,0.6631689989263525
Poland,Announced,20822.70935135135,1699.0,0.924561676314411,0.075438323685589
Poland,Pre-construction,17244.14135135135,4104.0,0.8077584398353155,0.19224156016468452
Poland,Construction,1897.2075675675676,3851.0,0.3300520284396057,0.6699479715603942
Poland,Operating,19733.14037837838,32474.0,0.37797780601196984,0.6220221939880303
Portugal,Announced,1815.2421739130434,0.0,1.0,0.0
Portugal,Pre-construction,12042.914360248447,0.0,1.0,0.0
Portugal,Construction,679.03,0.0,1.0,0.0
Portugal,Operating,17165.65601242236,4651.5,0.7867962259906146,0.21320377400938534
Puerto Rico,Announced,57.544444444444444,100.0,0.36525848085196416,0.6347415191480358
Puerto Rico,Pre-construction,553.457537037037,560.0,0.4970620958836145,0.5029379041163854
Puerto Rico,Construction,34.0,0.0,1.0,0.0
Puerto Rico,Operating,345.1,5624.0,0.057814410882712636,0.9421855891172873
Qatar,Announced,1838.5714285714284,0.0,1.0,0.0
Qatar,Pre-construction,0.0,2600.0,0.0,1.0
Qatar,Construction,0.0,2915.0,0.0,1.0
Qatar,Operating,1524.25,12577.5,0.10808942152569717,0.8919105784743029
Republic of the Congo,Announced,0.0,516.0,0.0,1.0
Republic of the Congo,Pre-construction,431.26683937823833,0.0,1.0,0.0
Republic of the Congo,Construction,50.0,0.0,1.0,0.0
Republic of the Congo,Operating,200.0,534.0,0.2724795640326976,0.7275204359673024
Romania,Announced,1754.5364210526316,520.0,0.771381985714984,0.22861801428501616
Romania,Pre-construction,10034.127894736843,2123.2,0.8253563596882851,0.17464364031171495
Romania,Construction,1746.8531052631579,2690.0,0.3937144331397802,0.6062855668602197
Romania,Operating,15255.642,5549.8,0.7332524826917881,0.266747517308212
Russia,Announced,25776.059965665238,6457.0,0.799677721976194,0.20032227802380592
Russia,Pre-construction,8440.9,12614.0,0.40089955307315633,0.5991004469268436
Russia,Construction,6728.788841201716,7338.4,0.4783321612555318,0.5216678387444682
Russia,Operating,85874.8569527897,151776.58,0.36134793904001955,0.6386520609599804
Rwanda,Announced,207.6137305699482,72.0,0.7425019155774667,0.2574980844225333
Rwanda,Pre-construction,247.0,0.0,1.0,0.0
Rwanda,Construction,44.0,0.0,1.0,0.0
Rwanda,Operating,108.57880569948186,110.9,0.49471203086530274,0.5052879691346972
Réunion,Announced,200.0,0.0,1.0,0.0
Réunion,Pre-construction,0.0,0.0,0.0,0.0
Réunion,Construction,8.5,0.0,1.0,0.0
Réunion,Operating,823.8900207253886,299.6,0.7333309646964542,0.26666903530354574
"Saint Helena, Ascension, and Tristan da Cunha",Announced,0.0,0.0,0.0,0.0
"Saint Helena, Ascension, and Tristan da Cunha",Pre-construction,3.0,0.0,1.0,0.0
"Saint Helena, Ascension, and Tristan da Cunha",Construction,0.0,0.0,0.0,0.0
"Saint Helena, Ascension, and Tristan da Cunha",Operating,0.0,0.0,0.0,0.0
Saint Pierre and Miquelon,Announced,0.0,0.0,0.0,0.0
Saint Pierre and Miquelon,Pre-construction,0.0,0.0,0.0,0.0
Saint Pierre and Miquelon,Construction,0.0,0.0,0.0,0.0
Saint Pierre and Miquelon,Operating,0.0,21.0,0.0,1.0
Saint Vincent and the Grenadines,Announced,0.0,0.0,0.0,0.0
Saint Vincent and the Grenadines,Pre-construction,5.0,0.0,1.0,0.0
Saint Vincent and the Grenadines,Construction,0.0,0.0,0.0,0.0
Saint Vincent and the Grenadines,Operating,1.2,0.0,1.0,0.0
Samoa,Announced,0.0,0.0,0.0,0.0
Samoa,Pre-construction,0.0,0.0,0.0,0.0
Samoa,Construction,0.0,0.0,0.0,0.0
Samoa,Operating,7.806727969348659,24.0,0.24544266159259784,0.7545573384074022
Sao Tome and Principe,Announced,10.992935233160622,0.0,1.0,0.0
Sao Tome and Principe,Pre-construction,0.0,0.0,0.0,0.0
Sao Tome and Principe,Construction,0.0,0.0,0.0,0.0
Sao Tome and Principe,Operating,10.973352331606218,0.0,1.0,0.0
Saudi Arabia,Announced,45.964285714285715,0.0,1.0,0.0
Saudi Arabia,Pre-construction,30796.54714285714,6000.0,0.8369412223188798,0.16305877768112018
Saudi Arabia,Construction,9139.442857142856,25385.0,0.26472383334209176,0.7352761666579082
Saudi Arabia,Operating,11809.065714285714,100620.2,0.10503551401194652,0.8949644859880536
Senegal,Announced,453.960621761658,125.0,0.7840958515975565,0.21590414840244357
Senegal,Pre-construction,153.5,0.0,1.0,0.0
Senegal,Construction,214.350103626943,366.0,0.36934619686865805,0.6306538031313419
Senegal,Operating,500.9594041450777,957.5,0.3434853261745266,0.6565146738254733
Serbia,Announced,6895.056454907643,850.0,0.8902525753106165,0.10974742468938349
Serbia,Pre-construction,5436.179449474828,0.0,1.0,0.0
Serbia,Construction,66.0,0.0,1.0,0.0
Serbia,Operating,3834.8481130025352,5379.0,0.41620483276589043,0.5837951672341095
Seychelles,Announced,0.0,16.0,0.0,1.0
Seychelles,Pre-construction,0.0,0.0,0.0,0.0
Seychelles,Construction,5.046,0.0,1.0,0.0
Seychelles,Operating,12.774999999999999,93.0,0.12077523044197587,0.8792247695580241
Sierra Leone,Announced,487.9732227979274,0.0,1.0,0.0
Sierra Leone,Pre-construction,306.7009404145078,105.0,0.7449605048405181,0.2550394951594819
Sierra Leone,Construction,42.42541450777202,0.0,1.0,0.0
Sierra Leone,Operating,92.45,237.0,0.2806192138412506,0.7193807861587495
Singapore,Announced,115.66,0.0,1.0,0.0
Singapore,Pre-construction,178.35,670.0,0.2102316260977191,0.7897683739022808
Singapore,Construction,80.0,1800.0,0.0425531914893617,0.9574468085106383
Singapore,Operating,662.986,14726.0,0.04308185087698436,0.9569181491230156
Slovakia,Announced,83.0,0.0,1.0,0.0
Slovakia,Pre-construction,1234.5,0.0,1.0,0.0
Slovakia,Construction,485.7,0.0,1.0,0.0
Slovakia,Operating,5553.85,1284.0,0.8122216778665808,0.1877783221334191
Slovenia,Announced,1375.39908801159,0.0,1.0,0.0
Slovenia,Pre-construction,870.2677145961609,0.0,1.0,0.0
Slovenia,Construction,0.0,0.0,0.0,0.0
Slovenia,Operating,1890.069622600507,1259.0,0.6001993760429102,0.3998006239570898
Solomon Islands,Announced,31.305,0.0,1.0,0.0
Solomon Islands,Pre-construction,0.0,0.0,0.0,0.0
Solomon Islands,Construction,0.0,0.0,0.0,0.0
Solomon Islands,Operating,2.7424904214559387,27.0,0.09220782734042786,0.9077921726595721
Somalia,Announced,7.221347150259067,0.0,1.0,0.0
Somalia,Pre-construction,115.23202072538861,0.0,1.0,0.0
Somalia,Construction,0.0,0.0,0.0,0.0
Somalia,Operating,62.56,65.0,0.49043587331451866,0.5095641266854813
South Africa,Announced,19567.39,0.0,1.0,0.0
South Africa,Pre-construction,16337.500814814815,11505.0,0.5867828081779829,0.41321719182201705
South Africa,Construction,4164.495,0.0,1.0,0.0
South Africa,Operating,15065.852703703704,48729.4,0.23615946430492057,0.7638405356950794
South Korea,Announced,17665.102711076684,15712.0,0.5292581223718456,0.47074187762815434
South Korea,Pre-construction,38777.182827265686,2505.0,0.9393200691329355,0.060679930867064524
South Korea,Construction,8640.23806738962,2567.0,0.7709515953382524,0.2290484046617476
South Korea,Operating,47654.599045701005,93102.4,0.3385593566841284,0.6614406433158716
South Sudan,Announced,0.0,0.0,0.0,0.0
South Sudan,Pre-construction,1080.0,0.0,1.0,0.0
South Sudan,Construction,0.0,0.0,0.0,0.0
South Sudan,Operating,42.273367875647665,118.0,0.26375790585773784,0.7362420941422622
Spain,Announced,28781.50596005706,0.0,1.0,0.0
Spain,Pre-construction,134283.12946219687,0.0,1.0,0.0
Spain,Construction,8741.68010556348,0.0,1.0,0.0
Spain,Operating,89152.87328673324,31544.0,0.738651059128412,0.26134894087158805
Sri Lanka,Announced,2810.8917357679916,0.0,1.0,0.0
Sri Lanka,Pre-construction,776.9983093447905,0.0,1.0,0.0
Sri Lanka,Construction,125.61009667024705,0.0,1.0,0.0
Sri Lanka,Operating,1911.9782169709988,2325.4,0.4512172666847134,0.5487827333152865
Sudan,Announced,0.0,1000.0,0.0,1.0
Sudan,Pre-construction,200.0,405.0,0.3305785123966942,0.6694214876033058
Sudan,Construction,0.0,210.0,0.0,1.0
Sudan,Operating,2087.47375,1450.8,0.5899695437641025,0.41003045623589746
Suriname,Announced,65.25,0.0,1.0,0.0
Suriname,Pre-construction,0.0,0.0,0.0,0.0
Suriname,Construction,0.0,0.0,0.0,0.0
Suriname,Operating,187.701,222.0,0.458141425088052,0.541858574911948
Sweden,Announced,17877.935,0.0,1.0,0.0
Sweden,Pre-construction,71994.212,0.0,1.0,0.0
Sweden,Construction,1436.74,0.0,1.0,0.0
Sweden,Operating,41519.797,2619.0,0.940664445385768,0.05933555461423201
Switzerland,Announced,137.91558567774936,0.0,1.0,0.0
Switzerland,Pre-construction,1750.8272404092072,0.0,1.0,0.0
Switzerland,Construction,145.0,0.0,1.0,0.0
Switzerland,Operating,18038.119659846547,98.8,0.9945525479600191,0.005447452039980858
Syria,Announced,1863.9071428571428,3100.0,0.3754919439899734,0.6245080560100267
Syria,Pre-construction,145.24714285714285,4600.0,0.03060897324932346,0.9693910267506766
Syria,Construction,227.98285714285714,2860.0,0.07382905530563641,0.9261709446943637
Syria,Operating,1773.4885714285715,7662.3,0.18795340294065815,0.8120465970593419
Taiwan,Announced,10342.328125,1396.0,0.8810733534508348,0.1189266465491652
Taiwan,Pre-construction,12311.94646875,16632.0,0.425372071567465,0.5746279284325351
Taiwan,Construction,2496.36015625,7279.0,0.2553727040587778,0.744627295941222
Taiwan,Operating,14045.0895,39315.65,0.2632101734647062,0.7367898265352938
Tajikistan,Announced,2053.3870967741937,0.0,1.0,0.0
Tajikistan,Pre-construction,200.0,0.0,1.0,0.0
Tajikistan,Construction,2547.5,0.0,1.0,0.0
Tajikistan,Operating,5835.2,606.0,0.9059181518971621,0.09408184810283798
Tanzania,Announced,4036.5156735751298,1050.0,0.7935718540188843,0.20642814598111572
Tanzania,Pre-construction,1411.2134715025907,800.0,0.6382077034577878,0.36179229654221234
Tanzania,Construction,163.13341968911917,0.0,1.0,0.0
Tanzania,Operating,2868.9,849.0,0.7716452836278545,0.22835471637214555
Thailand,Announced,5433.874342857142,4150.0,0.5669809670352164,0.4330190329647835
Thailand,Pre-construction,2383.255142857143,540.0,0.8152744205994238,0.18472557940057624
Thailand,Construction,80.0,80.0,0.5,0.5
Thailand,Operating,13317.025942857143,40282.7,0.24845324688888282,0.7515467531111172
The Gambia,Announced,27.080051813471503,0.0,1.0,0.0
The Gambia,Pre-construction,680.5,0.0,1.0,0.0
The Gambia,Construction,0.0,0.0,0.0,0.0
The Gambia,Operating,20.01,121.0,0.14190482944472024,0.8580951705552798
Togo,Announced,430.66735751295334,0.0,1.0,0.0
Togo,Pre-construction,416.73,0.0,1.0,0.0
Togo,Construction,21.75,0.0,1.0,0.0
Togo,Operating,137.9,165.0,0.45526576427863985,0.5447342357213603
Trinidad and Tobago,Announced,0.0,0.0,0.0,0.0
Trinidad and Tobago,Pre-construction,0.0,0.0,0.0,0.0
Trinidad and Tobago,Construction,92.0,0.0,1.0,0.0
Trinidad and Tobago,Operating,0.0,2056.6,0.0,1.0
Tunisia,Announced,889.25,0.0,1.0,0.0
Tunisia,Pre-construction,1857.660625,450.0,0.804997322775744,0.19500267722425607
Tunisia,Construction,4698.83125,0.0,1.0,0.0
Tunisia,Operating,449.8,5518.0,0.07537115855088977,0.9246288414491102
Turkmenistan,Announced,0.0,0.0,0.0,0.0
Turkmenistan,Pre-construction,0.0,500.0,0.0,1.0
Turkmenistan,Construction,0.0,1574.0,0.0,1.0
Turkmenistan,Operating,9.0,7087.0,0.0012683201803833145,0.9987316798196166
Türkiye,Announced,10737.708242424242,0.0,1.0,0.0
Türkiye,Pre-construction,7095.004333333333,1738.0,0.803237954560798,0.1967620454392018
Türkiye,Construction,5860.3,850.0,0.8733290612938319,0.12667093870616813
Türkiye,Operating,59437.91324242424,46538.5,0.5608598312009128,0.4391401687990872
Uganda,Announced,19100.410751295338,0.0,1.0,0.0
Uganda,Pre-construction,1377.0,0.0,1.0,0.0
Uganda,Construction,20.88,0.0,1.0,0.0
Uganda,Operating,1672.69,189.0,0.8984793386654062,0.10152066133459384
Ukraine,Announced,4485.81875,1199.0,0.7890873829530625,0.2109126170469375
Ukraine,Pre-construction,7889.0,2209.2,0.7812283377235546,0.21877166227644526
Ukraine,Construction,0.0,0.0,0.0,0.0
Ukraine,Operating,25958.724,7279.1,0.7809995022538178,0.2190004977461822
United Arab Emirates,Announced,3828.1521428571427,0.0,1.0,0.0
United Arab Emirates,Pre-construction,6918.940714285714,7300.0,0.48660029275839667,0.5133997072416033
United Arab Emirates,Construction,8535.442857142856,2700.1,0.7596822837729247,0.24031771622707532
United Arab Emirates,Operating,13309.222857142857,44865.9,0.22877859475820125,0.7712214052417987
United Kingdom,Announced,9296.0,4497.5,0.673940624207054,0.32605937579294597
United Kingdom,Pre-construction,115261.7295,11120.5,0.9120089901563257,0.08799100984367426
United Kingdom,Construction,15054.3836875,1668.5,0.9002265380074869,0.0997734619925132
United Kingdom,Operating,56719.0600625,36995.2,0.6052340382848126,0.3947659617151875
United States,Announced,77617.3,65896.6,0.5408347205392647,0.45916527946073515
United States,Pre-construction,175288.17580392156,160780.898,0.5215837738946276,0.47841622610537227
United States,Construction,40563.79607843137,30112.6,0.5739369623971305,0.42606303760286945
United States,Operating,523303.625,748765.8,0.4113797680500024,0.5886202319499976
Uruguay,Announced,95.9074074074074,0.0,1.0,0.0
Uruguay,Pre-construction,3010.249740740741,0.0,1.0,0.0
Uruguay,Construction,0.0,0.0,0.0,0.0
Uruguay,Operating,4098.580407407408,1102.2,0.7880702676025025,0.21192973239749754
Uzbekistan,Announced,17310.558064516128,2200.0,0.8872405395722052,0.11275946042779485
Uzbekistan,Pre-construction,4308.225806451613,774.0,0.8477045236720004,0.15229547632799956
Uzbekistan,Construction,1414.5,5498.0,0.20462929475587704,0.795370705244123
Uzbekistan,Operating,5919.833870967742,16937.9,0.25898603529051895,0.7410139647094811
Vanuatu,Announced,2.61,0.0,1.0,0.0
Vanuatu,Pre-construction,0.0,0.0,0.0,0.0
Vanuatu,Construction,0.0,0.0,0.0,0.0
Vanuatu,Operating,4.357,0.0,1.0,0.0
Venezuela,Announced,50.639111111111106,0.0,1.0,0.0
Venezuela,Pre-construction,0.0,0.0,0.0,0.0
Venezuela,Construction,50.639111111111106,0.0,1.0,0.0
Venezuela,Operating,16023.9,2332.6,0.8729278457222237,0.12707215427777627
Vietnam,Announced,88584.6473815261,22950.0,0.7942343429706195,0.20576565702938057
Vietnam,Pre-construction,4608.8001606425705,28930.0,0.13741696597873376,0.8625830340212663
Vietnam,Construction,2734.1040000000003,10948.0,0.19983066931811075,0.8001693306818893
Vietnam,Operating,40637.99122088354,38149.0,0.5157956991523228,0.4842043008476773
Virgin Islands (U.S.),Announced,0.0,0.0,0.0,0.0
Virgin Islands (U.S.),Pre-construction,42.19925925925926,0.0,1.0,0.0
Virgin Islands (U.S.),Construction,0.0,0.0,0.0,0.0
Virgin Islands (U.S.),Operating,33.04518518518519,0.0,1.0,0.0
Western Sahara,Announced,6693.09375,0.0,1.0,0.0
Western Sahara,Pre-construction,10100.0,0.0,1.0,0.0
Western Sahara,Construction,440.0,0.0,1.0,0.0
Western Sahara,Operating,905.45,72.0,0.9263389431684486,0.07366105683155148
Yemen,Announced,22.982142857142858,0.0,1.0,0.0
Yemen,Pre-construction,9.192857142857143,500.0,0.01805378259710747,0.9819462174028926
Yemen,Construction,128.7,296.0,0.3030374381916647,0.6969625618083353
Yemen,Operating,251.29357142857143,2162.9,0.10409006734280687,0.8959099326571932
Zambia,Announced,3885.158937823834,1515.0,0.7194527017735302,0.2805472982264699
Zambia,Pre-construction,5106.343678756477,635.0,0.8893987129964783,0.11060128700352166
Zambia,Construction,530.6007772020725,1370.0,0.2791752921321987,0.7208247078678013
Zambia,Operating,3398.736839378238,435.0,0.8865336828725706,0.1134663171274294
Zimbabwe,Announced,2428.7589119170984,4870.0,0.33276327403437395,0.667236725965626
Zimbabwe,Pre-construction,2046.989505181347,820.0,0.7139856987554155,0.28601430124458443
Zimbabwe,Construction,651.0411373056995,715.0,0.47658970109038984,0.5234102989096101
Zimbabwe,Operating,1220.9958860103627,1790.0,0.40551230630481194,0.5944876936951882
