,Country,Status,Non-fossil,Fossil,Non-fossil share,Fossil share
0,World,Announced,1972017.6613331018,392566.8,0.833980639550224,0.16601936044977617
3,World,Pre-construction,2916969.686149142,551015.4,0.84111367658393,0.15888632341607
1,World,Construction,930204.1081465834,465831.4,0.6663183727909248,0.3336816272090751
2,World,Operating,3552290.304840485,4279237.9,0.4535883944904773,0.5464116055095228
0,BRICS,Announced,687205.4948851516,161537.8,0.8096741370759711,0.1903258629240289
3,BRICS,Pre-construction,1334400.1027292593,314172.0,0.809427807567604,0.19057219243239593
1,BRICS,Construction,723862.2430869262,310041.8,0.7001251691846484,0.2998748308153516
2,BRICS,Operating,1769374.4335168577,1985255.0,0.47125141504564766,0.5287485849543523
0,EU27,Announced,273595.57695257536,5235.0,0.9812251580970247,0.018774841902975334
3,EU27,Pre-construction,480468.5557703826,31758.9,0.9379984426015683,0.06200155739843168
1,EU27,Construction,30141.101800991124,11895.0,0.7170289467773737,0.2829710532226264
2,EU27,Operating,504411.0518141569,286869.2,0.6374619493633272,0.36253805063667277
0,G7,Announced,231210.55511307495,54280.6,0.809869416169825,0.19013058383017503
3,G7,Pre-construction,335031.2046861835,64612.6,0.8383245298879676,0.16167547011203248
1,G7,Construction,70316.24315566682,21738.9,0.7638491532924004,0.23615084670759948
2,G7,Operating,957219.2661996577,1098488.21,0.4656398234097239,0.5343601765902761
0,G20,Announced,1378069.998606719,253463.1,0.8446472828430818,0.15535271715691823
3,G20,Pre-construction,2330736.69003175,398485.6,0.8539929849410088,0.1460070150589911
1,G20,Construction,829373.381517965,356793.4,0.6992046940115763,0.3007953059884237
2,G20,Operating,3149865.38696874,3503548.9,0.4734209010760101,0.5265790989239899
0,OECD,Announced,713560.1231520277,82353.6,0.8965294885557972,0.10347051144420288
3,OECD,Pre-construction,1084027.5551581315,85573.4,0.9268353880675223,0.07316461193247775
1,OECD,Construction,126832.49034969944,45760.2,0.7348659441643631,0.2651340558356369
2,OECD,Operating,1456355.8455808456,1511134.9,0.4907701389632418,0.5092298610367582
0,African Union,Announced,272028.9717621798,33394.0,0.8906631030163555,0.10933689698364445
3,African Union,Pre-construction,134120.9062513497,26491.0,0.8350620410510358,0.16493795894896418
1,African Union,Construction,31856.74029315238,21055.2,0.6020709147435127,0.39792908525648735
2,African Union,Operating,63177.13795580735,178919.4,0.2609584527282245,0.7390415472717755
0,Afghanistan,Announced,628.5821556485356,0.0,1.0,0.0
3,Afghanistan,Pre-construction,0.0,0.0,0.0,0.0
1,Afghanistan,Construction,0.0,0.0,0.0,0.0
2,Afghanistan,Operating,252.34585774058579,105.0,0.7061670151603536,0.2938329848396465
0,Albania,Announced,377.95535996984546,0.0,1.0,0.0
3,Albania,Pre-construction,1063.669449679608,520.0,0.6716486511088529,0.32835134889114714
1,Albania,Construction,358.8811911044101,0.0,1.0,0.0
2,Albania,Operating,1773.42,0.0,1.0,0.0
0,Algeria,Announced,784.3133333333334,0.0,1.0,0.0
3,Algeria,Pre-construction,2621.0066666666667,1200.0,0.685946635354383,0.31405336464561695
1,Algeria,Construction,92.97611111111111,3736.0,0.024282238492245607,0.9757177615077544
2,Algeria,Operating,546.8055555555555,23915.6,0.02235289388501585,0.9776471061149842
0,Andorra,Announced,0.0,0.0,0.0,0.0
3,Andorra,Pre-construction,0.0,0.0,0.0,0.0
1,Andorra,Construction,0.0,0.0,0.0,0.0
2,Andorra,Operating,1.4,0.0,1.0,0.0
0,Angola,Announced,1044.9267741935485,0.0,1.0,0.0
3,Angola,Pre-construction,579.35,1425.0,0.28904632424476767,0.7109536757552324
1,Angola,Construction,2107.86,375.0,0.8489645006162249,0.15103549938377517
2,Angola,Operating,4040.955,929.0,0.8130767783611723,0.1869232216388277
0,Antigua and Barbuda,Announced,0.0,0.0,0.0,0.0
3,Antigua and Barbuda,Pre-construction,0.0,0.0,0.0,0.0
1,Antigua and Barbuda,Construction,0.0,0.0,0.0,0.0
2,Antigua and Barbuda,Operating,7.5,0.0,1.0,0.0
0,Argentina,Announced,6233.963,4015.7,0.6082115090027838,0.3917884909972162
3,Argentina,Pre-construction,3286.204,0.0,1.0,0.0
1,Argentina,Construction,2362.066,385.0,0.8598504731957659,0.14014952680423406
2,Argentina,Operating,20036.4565,23185.2,0.4635744698956645,0.5364255301043356
0,Armenia,Announced,1200.0,0.0,1.0,0.0
3,Armenia,Pre-construction,376.0,176.0,0.6811594202898551,0.3188405797101449
1,Armenia,Construction,55.0,0.0,1.0,0.0
2,Armenia,Operating,1415.2,1127.0,0.5566831877901032,0.443316812209897
0,Australia,Announced,194976.69977011494,4595.0,0.9769756934209963,0.023024306579003655
3,Australia,Pre-construction,183580.67574712643,1230.0,0.9933445403246997,0.006655459675300305
1,Australia,Construction,7728.369540229885,750.0,0.9115395953854986,0.08846040461450141
2,Australia,Operating,33644.67267816092,39639.9,0.45909625243932356,0.5409037475606765
0,Austria,Announced,0.0,0.0,0.0,0.0
3,Austria,Pre-construction,2535.0,0.0,1.0,0.0
1,Austria,Construction,1014.9777777777778,0.0,1.0,0.0
2,Austria,Operating,14154.024,4756.0,0.7484931801249962,0.2515068198750039
0,Azerbaijan,Announced,420.5,0.0,1.0,0.0
3,Azerbaijan,Pre-construction,1166.4,500.0,0.699951992318771,0.30004800768122897
1,Azerbaijan,Construction,182.0,1280.0,0.12448700410396717,0.8755129958960328
2,Azerbaijan,Operating,1328.9,5860.9,0.18483128877020227,0.8151687112297978
0,Bahrain,Announced,2175.9875,0.0,1.0,0.0
3,Bahrain,Pre-construction,82.2885,1800.0,0.04371726225815012,0.9562827377418498
1,Bahrain,Construction,100.0,681.0,0.12804097311139565,0.8719590268886044
2,Bahrain,Operating,4.1,8600.9,0.0004764671702498547,0.9995235328297501
0,Bangladesh,Announced,2641.8377238493727,25895.0,0.09257640070054025,0.9074235992994597
3,Bangladesh,Pre-construction,1866.782050209205,3510.0,0.3471931785177289,0.652806821482271
1,Bangladesh,Construction,2666.9,5493.0,0.326829985661589,0.6731700143384111
2,Bangladesh,Operating,1285.742,26036.9,0.04705774792935471,0.9529422520706453
0,Barbados,Announced,9.311,0.0,1.0,0.0
3,Barbados,Pre-construction,117.37700000000001,0.0,1.0,0.0
1,Barbados,Construction,30.0,0.0,1.0,0.0
2,Barbados,Operating,22.111,60.0,0.2692818258211445,0.7307181741788554
0,Belarus,Announced,0.0,0.0,0.0,0.0
3,Belarus,Pre-construction,5.9940375,0.0,1.0,0.0
1,Belarus,Construction,0.0,0.0,0.0,0.0
2,Belarus,Operating,2648.41163125,9220.2,0.22314418177411283,0.7768558182258871
0,Belgium,Announced,474.77,0.0,1.0,0.0
3,Belgium,Pre-construction,4564.0,900.0,0.835285505124451,0.16471449487554904
1,Belgium,Construction,0.0,1745.0,0.0,1.0
2,Belgium,Operating,9861.765,5364.0,0.647702430715304,0.3522975692846961
0,Belize,Announced,55.866,0.0,1.0,0.0
3,Belize,Pre-construction,0.0,0.0,0.0,0.0
1,Belize,Construction,0.0,0.0,0.0,0.0
2,Belize,Operating,10.0,0.0,1.0,0.0
0,Benin,Announced,45.2230971128609,0.0,1.0,0.0
3,Benin,Pre-construction,128.0,0.0,1.0,0.0
1,Benin,Construction,43.5,0.0,1.0,0.0
2,Benin,Operating,21.75,127.4,0.14582634931277236,0.8541736506872276
0,Bermuda,Announced,0.0,0.0,0.0,0.0
3,Bermuda,Pre-construction,60.0,0.0,1.0,0.0
1,Bermuda,Construction,0.0,0.0,0.0,0.0
2,Bermuda,Operating,6.0,114.0,0.05,0.95
0,Bhutan,Announced,570.0,0.0,1.0,0.0
3,Bhutan,Pre-construction,4935.0,0.0,1.0,0.0
1,Bhutan,Construction,2354.091958158996,0.0,1.0,0.0
2,Bhutan,Operating,2202.0,0.0,1.0,0.0
0,Bolivia,Announced,456.4,0.0,1.0,0.0
3,Bolivia,Pre-construction,896.0898,0.0,1.0,0.0
1,Bolivia,Construction,428.0,108.0,0.7985074626865671,0.20149253731343283
2,Bolivia,Operating,720.30525,1945.2,0.27023216330187305,0.729767836698127
0,Bosnia and Herzegovina,Announced,1779.3871579344138,100.0,0.9467911656319353,0.05320883436806466
3,Bosnia and Herzegovina,Pre-construction,2679.8402487749718,1050.0,0.7184866026514508,0.28151339734854913
1,Bosnia and Herzegovina,Construction,470.7,0.0,1.0,0.0
2,Bosnia and Herzegovina,Operating,2243.45,2090.0,0.5177052925498159,0.48229470745018405
0,Botswana,Announced,1018.7926509186352,0.0,1.0,0.0
3,Botswana,Pre-construction,2651.1706036745404,600.0,0.815451087272422,0.18454891272757803
1,Botswana,Construction,104.4,0.0,1.0,0.0
2,Botswana,Operating,18.3,802.0,0.022308911373887606,0.9776910886261124
0,Brazil,Announced,156962.29835,10620.8,0.9366236804035077,0.06337631959649229
3,Brazil,Pre-construction,273820.71653,15845.0,0.9452990150515138,0.0547009849484862
1,Brazil,Construction,10077.48303,5082.9,0.6647248298448829,0.3352751701551171
2,Brazil,Operating,176127.60967,24565.1,0.8775984437083314,0.12240155629166855
0,British Indian Ocean Territory,Announced,0.0,0.0,0.0,0.0
3,British Indian Ocean Territory,Pre-construction,0.0,0.0,0.0,0.0
1,British Indian Ocean Territory,Construction,0.0,0.0,0.0,0.0
2,British Indian Ocean Territory,Operating,3.4,0.0,1.0,0.0
0,Brunei,Announced,27.235158501440925,500.0,0.05165656740125477,0.9483434325987453
3,Brunei,Pre-construction,30.0,0.0,1.0,0.0
1,Brunei,Construction,0.0,0.0,0.0,0.0
2,Brunei,Operating,4.1,432.0,0.009401513414354504,0.9905984865856454
0,Bulgaria,Announced,3993.9766666666665,0.0,1.0,0.0
3,Bulgaria,Pre-construction,2000.0,558.0,0.7818608287724785,0.2181391712275215
1,Bulgaria,Construction,294.3933333333333,0.0,1.0,0.0
2,Bulgaria,Operating,7367.066,5330.0,0.5802179810674372,0.4197820189325629
0,Burkina Faso,Announced,81.53031496062992,0.0,1.0,0.0
3,Burkina Faso,Pre-construction,297.45417322834646,0.0,1.0,0.0
1,Burkina Faso,Construction,18.089238845144358,0.0,1.0,0.0
2,Burkina Faso,Operating,189.4050971128609,165.9,0.5330773429706732,0.46692265702932684
0,Burundi,Announced,6.525,0.0,1.0,0.0
3,Burundi,Pre-construction,0.0,0.0,0.0,0.0
1,Burundi,Construction,0.0,0.0,0.0,0.0
2,Burundi,Operating,14.0,0.0,1.0,0.0
0,Cabo Verde,Announced,34.305774278215225,0.0,1.0,0.0
3,Cabo Verde,Pre-construction,0.0,0.0,0.0,0.0
1,Cabo Verde,Construction,5.0,0.0,1.0,0.0
2,Cabo Verde,Operating,45.40194225721785,0.0,1.0,0.0
0,Cambodia,Announced,5761.206916426513,800.0,0.8780712130877727,0.12192878691222726
3,Cambodia,Pre-construction,488.8028818443804,0.0,1.0,0.0
1,Cambodia,Construction,230.0,265.0,0.46464646464646464,0.5353535353535354
2,Cambodia,Operating,1783.9519654178675,2255.5,0.4416321770107554,0.5583678229892446
0,Cameroon,Announced,2037.5511811023623,85.0,0.9599538514044901,0.04004614859550978
3,Cameroon,Pre-construction,2132.764,265.0,0.8894803658742061,0.11051963412579385
1,Cameroon,Construction,420.0,0.0,1.0,0.0
2,Cameroon,Operating,1037.3338582677166,364.0,0.7402474807466901,0.25975251925330983
0,Canada,Announced,12068.1025,1475.0,0.8910884710501158,0.10891152894988426
3,Canada,Pre-construction,18453.9033875,3501.0,0.8405367612779708,0.1594632387220292
1,Canada,Construction,2558.0,1166.0,0.6868958109559613,0.3131041890440387
2,Canada,Operating,112927.62475,30811.3,0.7856440066350225,0.2143559933649775
0,Cayman Islands,Announced,0.0,0.0,0.0,0.0
3,Cayman Islands,Pre-construction,0.0,0.0,0.0,0.0
1,Cayman Islands,Construction,0.0,0.0,0.0,0.0
2,Cayman Islands,Operating,4.0,114.0,0.03389830508474576,0.9661016949152542
0,Central African Republic,Announced,13.05,0.0,1.0,0.0
3,Central African Republic,Pre-construction,180.0,0.0,1.0,0.0
1,Central African Republic,Construction,0.0,0.0,0.0,0.0
2,Central African Republic,Operating,35.31692913385827,50.0,0.4139498396437553,0.5860501603562447
0,Chad,Announced,566.8551181102363,90.0,0.8629834836958737,0.1370165163041263
3,Chad,Pre-construction,52.2,0.0,1.0,0.0
1,Chad,Construction,31.65616797900263,0.0,1.0,0.0
2,Chad,Operating,0.0,60.0,0.0,1.0
0,Chile,Announced,12624.365892473119,377.0,0.971003046670792,0.02899695332920802
3,Chile,Pre-construction,33348.04784946237,403.8,0.9880362105861284,0.011963789413871516
1,Chile,Construction,5258.355204301075,0.0,1.0,0.0
2,Chile,Operating,21647.311784946236,10865.8,0.6658025207839094,0.3341974792160906
0,China,Announced,392191.1840781387,107059.0,0.7855604195766426,0.21443958042335737
3,China,Pre-construction,885183.8477669008,218718.0,0.8018682544626156,0.19813174553738436
1,China,Construction,624303.7371762511,247037.4,0.7164860128140256,0.28351398718597437
2,China,Operating,1294635.2854049604,1324149.8,0.4943648459815335,0.5056351540184665
0,Colombia,Announced,8116.4536100000005,1905.0,0.8099078163571921,0.19009218364280786
3,Colombia,Pre-construction,36955.8529,0.0,1.0,0.0
1,Colombia,Construction,3951.73431,0.0,1.0,0.0
2,Colombia,Operating,14217.67193,5953.0,0.7048685328550679,0.29513146714493216
0,Cook Islands,Announced,0.0,0.0,0.0,0.0
3,Cook Islands,Pre-construction,0.0,0.0,0.0,0.0
1,Cook Islands,Construction,0.0,0.0,0.0,0.0
2,Cook Islands,Operating,1.0297654867256638,0.0,1.0,0.0
0,Costa Rica,Announced,148.86599999999999,0.0,1.0,0.0
3,Costa Rica,Pre-construction,55.0,0.0,1.0,0.0
1,Costa Rica,Construction,55.0,0.0,1.0,0.0
2,Costa Rica,Operating,2048.0,202.4,0.9100604337006754,0.08993956629932456
0,Croatia,Announced,1373.178364116095,483.0,0.7397879377664212,0.2602120622335789
3,Croatia,Pre-construction,1608.4800603090841,0.0,1.0,0.0
1,Croatia,Construction,186.0,500.0,0.27113702623906705,0.7288629737609329
2,Croatia,Operating,2647.555,1637.8,0.6178146267928795,0.38218537320712054
0,Cuba,Announced,1418.9325000000001,0.0,1.0,0.0
3,Cuba,Pre-construction,259.50679,0.0,1.0,0.0
1,Cuba,Construction,190.29242,0.0,1.0,0.0
2,Cuba,Operating,184.96214,2694.0,0.06424611752622769,0.9357538824737722
0,Curaçao,Announced,0.0,0.0,0.0,0.0
3,Curaçao,Pre-construction,0.0,0.0,0.0,0.0
1,Curaçao,Construction,22.5,0.0,1.0,0.0
2,Curaçao,Operating,47.0,0.0,1.0,0.0
0,Cyprus,Announced,64.98,80.0,0.44819975168988824,0.5518002483101117
3,Cyprus,Pre-construction,0.0,105.0,0.0,1.0
1,Cyprus,Construction,16.0,420.0,0.03669724770642202,0.963302752293578
2,Cyprus,Operating,481.9,1853.0,0.20638999528887744,0.7936100047111225
0,Czech Republic,Announced,3637.0,1056.0,0.7749840187513317,0.22501598124866823
3,Czech Republic,Pre-construction,1200.0,1049.0,0.5335704757670076,0.46642952423299244
1,Czech Republic,Construction,0.0,440.0,0.0,1.0
2,Czech Republic,Operating,7350.19,9122.6,0.44620188808331795,0.5537981119166819
0,Côte d'Ivoire,Announced,543.9112860892388,0.0,1.0,0.0
3,Côte d'Ivoire,Pre-construction,322.52,372.0,0.46437827564360995,0.53562172435639
1,Côte d'Ivoire,Construction,221.65511811023623,390.0,0.3623857817049905,0.6376142182950095
2,Côte d'Ivoire,Operating,876.76,1279.0,0.40670575574275425,0.5932942442572456
0,DR Congo,Announced,5791.686089238845,200.0,0.9666204141837131,0.03337958581628682
3,DR Congo,Pre-construction,1232.8884776902887,0.0,1.0,0.0
1,DR Congo,Construction,191.76,0.0,1.0,0.0
2,DR Congo,Operating,2688.6,0.0,1.0,0.0
0,Denmark,Announced,15912.127040816327,0.0,1.0,0.0
3,Denmark,Pre-construction,15680.005816326531,0.0,1.0,0.0
1,Denmark,Construction,48.591530612244895,0.0,1.0,0.0
2,Denmark,Operating,9344.957214285714,1614.2,0.8527076518351407,0.1472923481648592
0,Djibouti,Announced,5045.0,50.0,0.9901864573110893,0.009813542688910697
3,Djibouti,Pre-construction,9133.33097112861,0.0,1.0,0.0
1,Djibouti,Construction,0.0,0.0,0.0,0.0
2,Djibouti,Operating,59.0,108.0,0.3532934131736527,0.6467065868263473
0,Dominican Republic,Announced,1988.73,0.0,1.0,0.0
3,Dominican Republic,Pre-construction,2568.979,130.0,0.9518336378311947,0.04816636216880532
1,Dominican Republic,Construction,577.8,1342.0,0.300968850921971,0.699031149078029
2,Dominican Republic,Operating,1801.4794838709677,4057.1,0.30749424648595314,0.6925057535140468
0,Ecuador,Announced,7512.05336,587.0,0.9275223938023295,0.07247760619767049
3,Ecuador,Pre-construction,2410.56,0.0,1.0,0.0
1,Ecuador,Construction,0.0,996.0,0.0,1.0
2,Ecuador,Operating,4677.555,1332.3,0.7783141190594448,0.2216858809405551
0,Egypt,Announced,18268.27,125.0,0.9932040360414435,0.006795963958556581
3,Egypt,Pre-construction,44173.94666666667,0.0,1.0,0.0
1,Egypt,Construction,9744.666666666666,2550.0,0.7925929942522503,0.2074070057477497
2,Egypt,Operating,7795.986666666667,52267.5,0.12979577276177662,0.8702042272382234
0,El Salvador,Announced,8.93856,0.0,1.0,0.0
3,El Salvador,Pre-construction,0.0,0.0,0.0,0.0
1,El Salvador,Construction,89.51214,0.0,1.0,0.0
2,El Salvador,Operating,1529.41324,929.5,0.6219874760607659,0.37801252393923424
0,Equatorial Guinea,Announced,0.0,0.0,0.0,0.0
3,Equatorial Guinea,Pre-construction,0.0,0.0,0.0,0.0
1,Equatorial Guinea,Construction,200.0,0.0,1.0,0.0
2,Equatorial Guinea,Operating,120.0,154.0,0.43795620437956206,0.5620437956204379
0,Eritrea,Announced,0.0,0.0,0.0,0.0
3,Eritrea,Pre-construction,26.1,0.0,1.0,0.0
1,Eritrea,Construction,0.0,0.0,0.0,0.0
2,Eritrea,Operating,10.9,88.0,0.1102123356926188,0.8897876643073811
0,Estonia,Announced,7209.0,300.0,0.9600479424690371,0.03995205753096284
3,Estonia,Pre-construction,6391.490510204082,0.0,1.0,0.0
1,Estonia,Construction,0.0,0.0,0.0,0.0
2,Estonia,Operating,1191.249081632653,458.1,0.7222540667094335,0.2777459332905665
0,Eswatini,Announced,120.0,250.0,0.32432432432432434,0.6756756756756757
3,Eswatini,Pre-construction,154.83464566929135,300.0,0.3404196385291877,0.6595803614708122
1,Eswatini,Construction,0.0,0.0,0.0,0.0
2,Eswatini,Operating,82.44461942257217,0.0,1.0,0.0
0,Ethiopia,Announced,4910.692913385827,0.0,1.0,0.0
3,Ethiopia,Pre-construction,1317.2309711286089,0.0,1.0,0.0
1,Ethiopia,Construction,7580.0,0.0,1.0,0.0
2,Ethiopia,Operating,5430.2,0.0,1.0,0.0
0,Faroe Islands,Announced,156.0,0.0,1.0,0.0
3,Faroe Islands,Pre-construction,0.0,0.0,0.0,0.0
1,Faroe Islands,Construction,0.0,0.0,0.0,0.0
2,Faroe Islands,Operating,37.0,0.0,1.0,0.0
0,Fiji,Announced,36.97794247787611,0.0,1.0,0.0
3,Fiji,Pre-construction,0.0,0.0,0.0,0.0
1,Fiji,Construction,0.0,0.0,0.0,0.0
2,Fiji,Operating,90.0,0.0,1.0,0.0
0,Finland,Announced,40330.4025,0.0,1.0,0.0
3,Finland,Pre-construction,9231.994999999999,0.0,1.0,0.0
1,Finland,Construction,2385.82,0.0,1.0,0.0
2,Finland,Operating,16115.1195,3934.2,0.8037738886848503,0.1962261113151496
0,France,Announced,17258.734,0.0,1.0,0.0
3,France,Pre-construction,12787.435,647.0,0.9518401778712688,0.048159822128731135
1,France,Construction,3422.242,0.0,1.0,0.0
2,France,Operating,119223.468,13601.7,0.8975969674662861,0.10240303253371379
0,French Guiana,Announced,4.35,0.0,1.0,0.0
3,French Guiana,Pre-construction,0.0,0.0,0.0,0.0
1,French Guiana,Construction,178.91062,0.0,1.0,0.0
2,French Guiana,Operating,148.1055,0.0,1.0,0.0
0,French Polynesia,Announced,0.0,0.0,0.0,0.0
3,French Polynesia,Pre-construction,0.0,0.0,0.0,0.0
1,French Polynesia,Construction,25.310557522123894,0.0,1.0,0.0
2,French Polynesia,Operating,0.0,0.0,0.0,0.0
0,Gabon,Announced,0.0,0.0,0.0,0.0
3,Gabon,Pre-construction,888.7,0.0,1.0,0.0
1,Gabon,Construction,52.2,0.0,1.0,0.0
2,Gabon,Operating,160.0,496.0,0.24390243902439024,0.7560975609756098
0,Georgia,Announced,2134.64,0.0,1.0,0.0
3,Georgia,Pre-construction,280.0,400.0,0.4117647058823529,0.5882352941176471
1,Georgia,Construction,0.0,0.0,0.0,0.0
2,Georgia,Operating,2458.7,1167.0,0.678131119507957,0.32186888049204293
0,Germany,Announced,7266.087777777778,1590.0,0.8204624841242288,0.17953751587577105
3,Germany,Pre-construction,14520.091555555555,7510.9,0.6590757169935015,0.3409242830064984
1,Germany,Construction,1932.8551851851853,1666.0,0.5370750101704154,0.4629249898295847
2,Germany,Operating,82248.53281481481,63400.21,0.5647047219582922,0.43529527804170776
0,Ghana,Announced,1350.1742782152232,0.0,1.0,0.0
3,Ghana,Pre-construction,1238.981627296588,200.0,0.8610128189226852,0.1389871810773148
1,Ghana,Construction,284.3923884514436,0.0,1.0,0.0
2,Ghana,Operating,1908.368464566929,3429.0,0.3575485704680074,0.6424514295319926
0,Greece,Announced,21566.354168865433,0.0,1.0,0.0
3,Greece,Pre-construction,67958.824,2635.0,0.9626737885739126,0.037326211426087365
1,Greece,Construction,2959.507,1717.0,0.6328456260195912,0.3671543739804089
2,Greece,Operating,9708.818168865435,9510.6,0.505156716169133,0.494843283830867
0,Guadeloupe,Announced,0.0,0.0,0.0,0.0
3,Guadeloupe,Pre-construction,10.0,0.0,1.0,0.0
1,Guadeloupe,Construction,0.0,0.0,0.0,0.0
2,Guadeloupe,Operating,146.856,275.2,0.3479538260325644,0.6520461739674356
0,Guatemala,Announced,35.75424,0.0,1.0,0.0
3,Guatemala,Pre-construction,0.0,0.0,0.0,0.0
1,Guatemala,Construction,262.7839,0.0,1.0,0.0
2,Guatemala,Operating,1797.762,795.0,0.693377178468367,0.3066228215316331
0,Guinea,Announced,940.3968503937008,0.0,1.0,0.0
3,Guinea,Pre-construction,90.0,0.0,1.0,0.0
1,Guinea,Construction,300.0,0.0,1.0,0.0
2,Guinea,Operating,770.0,104.0,0.8810068649885584,0.11899313501144165
0,Guinea-Bissau,Announced,46.12755905511811,0.0,1.0,0.0
3,Guinea-Bissau,Pre-construction,0.0,0.0,0.0,0.0
1,Guinea-Bissau,Construction,0.0,0.0,0.0,0.0
2,Guinea-Bissau,Operating,9.044619422572179,0.0,1.0,0.0
0,Guyana,Announced,21.232,250.0,0.07827984898537046,0.9217201510146297
3,Guyana,Pre-construction,244.82732000000001,0.0,1.0,0.0
1,Guyana,Construction,0.0,300.0,0.0,1.0
2,Guyana,Operating,2.32775,0.0,1.0,0.0
0,Haiti,Announced,0.0,0.0,0.0,0.0
3,Haiti,Pre-construction,0.0,0.0,0.0,0.0
1,Haiti,Construction,11.173200000000001,0.0,1.0,0.0
2,Haiti,Operating,0.0,0.0,0.0,0.0
0,Honduras,Announced,237.19945,100.0,0.7034396111856055,0.29656038881439456
3,Honduras,Pre-construction,742.0,0.0,1.0,0.0
1,Honduras,Construction,200.0,0.0,1.0,0.0
2,Honduras,Operating,1370.6462,1214.8,0.530139130336574,0.469860869663426
0,Hong Kong,Announced,400.0,0.0,1.0,0.0
3,Hong Kong,Pre-construction,4.531778516517765,130.0,0.033685561630788625,0.9663144383692114
1,Hong Kong,Construction,180.0,770.0,0.18947368421052632,0.8105263157894737
2,Hong Kong,Operating,0.0,11155.5,0.0,1.0
0,Hungary,Announced,240.12,0.0,1.0,0.0
3,Hungary,Pre-construction,2552.62,1650.0,0.6073877723896046,0.39261222761039544
1,Hungary,Construction,100.0,0.0,1.0,0.0
2,Hungary,Operating,5237.77365,3908.5,0.5726674983095439,0.4273325016904562
0,Iceland,Announced,88.2,0.0,1.0,0.0
3,Iceland,Pre-construction,213.0,0.0,1.0,0.0
1,Iceland,Construction,67.0,0.0,1.0,0.0
2,Iceland,Operating,2659.4,0.0,1.0,0.0
0,India,Announced,90096.1608745583,27930.0,0.7633575489277769,0.23664245107222312
3,India,Pre-construction,110933.26286219081,54410.0,0.6709270214090955,0.32907297859090445
1,India,Construction,55885.85105123675,29850.0,0.6518375961281204,0.3481624038718796
2,India,Operating,161145.5388727915,270458.4,0.373364384239984,0.626635615760016
0,Indonesia,Announced,22203.690345821327,11700.0,0.6549048236148122,0.34509517638518783
3,Indonesia,Pre-construction,15435.628962536022,2325.0,0.869092473869911,0.13090752613008902
1,Indonesia,Construction,4343.75,11357.0,0.27665875833956977,0.7233412416604302
2,Indonesia,Operating,11684.17,78812.6,0.12911145889516276,0.8708885411048373
0,Iran,Announced,500.0,0.0,1.0,0.0
3,Iran,Pre-construction,1057.0,4947.0,0.17604930046635575,0.8239506995336442
1,Iran,Construction,7511.658577405858,13432.0,0.3586602861025188,0.6413397138974811
2,Iran,Operating,14004.23,75021.0,0.15730630519011296,0.8426936948098871
0,Iraq,Announced,461.0,1799.0,0.20398230088495575,0.7960176991150443
3,Iraq,Pre-construction,5808.575,9675.0,0.3751443061437684,0.6248556938562315
1,Iraq,Construction,541.6875,15808.0,0.033131367189739865,0.9668686328102601
2,Iraq,Operating,3146.45,47145.4,0.06256381501177626,0.9374361849882238
0,Ireland,Announced,32327.16725,291.0,0.991078591333178,0.008921408666822015
3,Ireland,Pre-construction,39071.827591836736,3331.1,0.9214417449647677,0.07855825503523232
1,Ireland,Construction,764.6006938775511,779.0,0.49533580602173816,0.5046641939782618
2,Ireland,Operating,5632.8026224489795,5886.1,0.48900514285721225,0.5109948571427878
0,Israel,Announced,646.78,3400.0,0.15982583683817753,0.8401741631618226
3,Israel,Pre-construction,408.326,2775.0,0.12827024313563865,0.8717297568643614
1,Israel,Construction,518.606,2191.5,0.19136004274371557,0.8086399572562845
2,Israel,Operating,2597.6666,18063.0,0.12573004783882433,0.8742699521611756
0,Italy,Announced,18215.910435008667,385.0,0.9793020883926523,0.020697911607347654
3,Italy,Pre-construction,31692.25328249567,4811.0,0.8682035279768608,0.13179647202313907
1,Italy,Construction,714.0517487001733,968.0,0.42451235477860044,0.5754876452213995
2,Italy,Operating,29310.84129982669,53975.0,0.35193066243166693,0.6480693375683331
0,Jamaica,Announced,0.0,0.0,0.0,0.0
3,Jamaica,Pre-construction,155.99878,0.0,1.0,0.0
1,Jamaica,Construction,0.0,0.0,0.0,0.0
2,Jamaica,Operating,164.24,713.8,0.18705298164092754,0.8129470183590725
0,Japan,Announced,34360.34881355932,3561.4,0.9060855548221293,0.09391444517787069
3,Japan,Pre-construction,11523.988079096045,4370.0,0.7250532730833318,0.2749467269166682
1,Japan,Construction,6696.398983050847,2805.2,0.704765481577998,0.2952345184220019
2,Japan,Operating,86499.08066101695,149738.4,0.36615307790695856,0.6338469220930415
0,Jordan,Announced,1000.0,0.0,1.0,0.0
3,Jordan,Pre-construction,928.325,0.0,1.0,0.0
1,Jordan,Construction,0.0,0.0,0.0,0.0
2,Jordan,Operating,2119.0099999999998,4522.8,0.31904104453454707,0.680958955465453
0,Kazakhstan,Announced,45504.67741935484,4954.0,0.901820652990406,0.09817934700959392
3,Kazakhstan,Pre-construction,205.0,5366.0,0.03679770238736313,0.9632022976126369
1,Kazakhstan,Construction,0.0,3383.0,0.0,1.0
2,Kazakhstan,Operating,4904.356129032258,17603.0,0.2179001434427087,0.7820998565572913
0,Kenya,Announced,3227.603149606299,0.0,1.0,0.0
3,Kenya,Pre-construction,5656.618110236221,0.0,1.0,0.0
1,Kenya,Construction,538.9784776902887,0.0,1.0,0.0
2,Kenya,Operating,2207.3284776902888,565.1,0.7961714776242722,0.20382852237572782
0,Kiribati,Announced,8.425353982300885,0.0,1.0,0.0
3,Kiribati,Pre-construction,0.0,0.0,0.0,0.0
1,Kiribati,Construction,7.021128318584071,0.0,1.0,0.0
2,Kiribati,Operating,1.8,0.0,1.0,0.0
0,Kosovo,Announced,232.0,500.0,0.31693989071038253,0.6830601092896175
3,Kosovo,Pre-construction,113.9742630983792,0.0,1.0,0.0
1,Kosovo,Construction,130.5,0.0,1.0,0.0
2,Kosovo,Operating,150.5,1290.0,0.1044776119402985,0.8955223880597015
0,Kuwait,Announced,3200.0,3600.0,0.47058823529411764,0.5294117647058824
3,Kuwait,Pre-construction,1381.2250000000001,13750.0,0.09128309175232012,0.9087169082476798
1,Kuwait,Construction,0.0,900.0,0.0,1.0
2,Kuwait,Operating,78.7,19509.5,0.0040177249568617845,0.9959822750431382
0,Kyrgyzstan,Announced,3194.516129032258,2610.0,0.5503501167055685,0.4496498832944315
3,Kyrgyzstan,Pre-construction,4360.58064516129,1368.0,0.7611973916862815,0.23880260831371844
1,Kyrgyzstan,Construction,1960.0,0.0,1.0,0.0
2,Kyrgyzstan,Operating,2990.0,813.0,0.7862214041546147,0.21377859584538522
0,Laos,Announced,3245.677233429395,1600.0,0.6698087959796605,0.3301912040203396
3,Laos,Pre-construction,12279.612680115273,1800.0,0.8721555740988421,0.12784442590115788
1,Laos,Construction,5036.0,660.0,0.8841292134831461,0.11587078651685394
2,Laos,Operating,8570.7,1878.0,0.8202647219271297,0.1797352780728703
0,Latvia,Announced,2664.006581632653,0.0,1.0,0.0
3,Latvia,Pre-construction,261.3298469387755,0.0,1.0,0.0
1,Latvia,Construction,335.14811224489796,0.0,1.0,0.0
2,Latvia,Operating,1680.0,1087.0,0.607155764365739,0.3928442356342609
0,Lebanon,Announced,0.0,190.0,0.0,1.0
3,Lebanon,Pre-construction,368.9125,0.0,1.0,0.0
1,Lebanon,Construction,100.0,0.0,1.0,0.0
2,Lebanon,Operating,108.0,2684.0,0.03868194842406877,0.9613180515759312
0,Lesotho,Announced,90.44619422572178,0.0,1.0,0.0
3,Lesotho,Pre-construction,132.88923884514435,0.0,1.0,0.0
1,Lesotho,Construction,0.0,0.0,0.0,0.0
2,Lesotho,Operating,26.1,0.0,1.0,0.0
0,Liberia,Announced,66.45616797900263,0.0,1.0,0.0
3,Liberia,Pre-construction,120.0,0.0,1.0,0.0
1,Liberia,Construction,17.4,0.0,1.0,0.0
2,Liberia,Operating,88.0,0.0,1.0,0.0
0,Libya,Announced,28592.833333333332,855.0,0.970965605845365,0.029034394154635032
3,Libya,Pre-construction,46.02777777777778,2200.0,0.020492969068849946,0.97950703093115
1,Libya,Construction,0.0,7060.0,0.0,1.0
2,Libya,Operating,460.27777777777777,13917.0,0.03201425088198585,0.9679857491180142
0,Lithuania,Announced,2258.0845918367345,0.0,1.0,0.0
3,Lithuania,Pre-construction,1164.6602551020408,0.0,1.0,0.0
1,Lithuania,Construction,248.0,0.0,1.0,0.0
2,Lithuania,Operating,2262.771275510204,1148.0,0.663419236510289,0.33658076348971105
0,Luxembourg,Announced,24.0,0.0,1.0,0.0
3,Luxembourg,Pre-construction,27.0,0.0,1.0,0.0
1,Luxembourg,Construction,32.6,0.0,1.0,0.0
2,Luxembourg,Operating,1456.8274814814815,0.0,1.0,0.0
0,Macao,Announced,0.0,450.0,0.0,1.0
3,Macao,Pre-construction,0.0,0.0,0.0,0.0
1,Macao,Construction,30.0,0.0,1.0,0.0
2,Macao,Operating,0.0,407.2,0.0,1.0
0,Madagascar,Announced,429.5923884514436,0.0,1.0,0.0
3,Madagascar,Pre-construction,459.4267716535433,30.0,0.9387038026165915,0.06129619738340852
1,Madagascar,Construction,16.0,0.0,1.0,0.0
2,Madagascar,Operating,134.83569553805773,291.0,0.3166378416625884,0.6833621583374115
0,Malawi,Announced,444.9685039370079,500.0,0.47088183583171545,0.5291181641682846
3,Malawi,Pre-construction,662.9015748031496,400.0,0.6236716461031865,0.3763283538968134
1,Malawi,Construction,52.54461942257218,0.0,1.0,0.0
2,Malawi,Operating,450.37,0.0,1.0,0.0
0,Malaysia,Announced,3992.6774074074074,1150.0,0.7763810737295006,0.2236189262704994
3,Malaysia,Pre-construction,1408.4703703703703,3700.0,0.27571274143814883,0.724287258561851
1,Malaysia,Construction,1875.874074074074,1200.0,0.6098669935435396,0.39013300645646043
2,Malaysia,Operating,8110.917592592593,30238.0,0.2115031688445695,0.7884968311554305
0,Maldives,Announced,0.0,0.0,0.0,0.0
3,Maldives,Pre-construction,23.66464435146444,0.0,1.0,0.0
1,Maldives,Construction,0.0,0.0,0.0,0.0
2,Maldives,Operating,0.0,50.0,0.0,1.0
0,Mali,Announced,778.0472440944882,0.0,1.0,0.0
3,Mali,Pre-construction,223.41,0.0,1.0,0.0
1,Mali,Construction,267.8923884514436,0.0,1.0,0.0
2,Mali,Operating,466.7784776902887,254.0,0.6476032402993847,0.35239675970061535
0,Malta,Announced,0.0,0.0,0.0,0.0
3,Malta,Pre-construction,0.0,0.0,0.0,0.0
1,Malta,Construction,0.0,0.0,0.0,0.0
2,Malta,Operating,3.0,547.8,0.0054466230936819175,0.9945533769063181
0,Marshall Islands,Announced,0.0,0.0,0.0,0.0
3,Marshall Islands,Pre-construction,3.48,0.0,1.0,0.0
1,Marshall Islands,Construction,0.0,0.0,0.0,0.0
2,Marshall Islands,Operating,0.0,0.0,0.0,0.0
0,Martinique,Announced,0.0,0.0,0.0,0.0
3,Martinique,Pre-construction,0.0,0.0,0.0,0.0
1,Martinique,Construction,11.0,0.0,1.0,0.0
2,Martinique,Operating,81.95,279.6,0.22666297884110082,0.7733370211588992
0,Mauritania,Announced,105132.02099737534,0.0,1.0,0.0
3,Mauritania,Pre-construction,0.0,120.0,0.0,1.0
1,Mauritania,Construction,0.0,0.0,0.0,0.0
2,Mauritania,Operating,263.2035433070866,420.0,0.38524908994621787,0.614750910053782
0,Mauritius,Announced,287.69863517060367,0.0,1.0,0.0
3,Mauritius,Pre-construction,24.04461942257218,0.0,1.0,0.0
1,Mauritius,Construction,45.0,0.0,1.0,0.0
2,Mauritius,Operating,128.95882677165355,195.0,0.3980716563791972,0.6019283436208028
0,Mayotte,Announced,0.0,0.0,0.0,0.0
3,Mayotte,Pre-construction,0.0,0.0,0.0,0.0
1,Mayotte,Construction,0.0,0.0,0.0,0.0
2,Mayotte,Operating,14.468018372703412,0.0,1.0,0.0
0,Mexico,Announced,878.8436363636364,397.0,0.6888333423588527,0.3111666576411472
3,Mexico,Pre-construction,18594.191545454545,1015.0,0.9482385595730856,0.051761440426914454
1,Mexico,Construction,4980.7425454545455,7418.8,0.40168760478025844,0.5983123952197416
2,Mexico,Operating,35410.920454545456,55842.0,0.3880524620818487,0.6119475379181513
0,Micronesia,Announced,0.0,0.0,0.0,0.0
3,Micronesia,Pre-construction,2.421765486725664,0.0,1.0,0.0
1,Micronesia,Construction,0.0,0.0,0.0,0.0
2,Micronesia,Operating,2.001,0.0,1.0,0.0
0,Moldova,Announced,0.0,0.0,0.0,0.0
3,Moldova,Pre-construction,0.0,0.0,0.0,0.0
1,Moldova,Construction,0.0,0.0,0.0,0.0
2,Moldova,Operating,24.8,1168.0,0.02079141515761234,0.9792085848423877
0,Mongolia,Announced,460.31778516517767,1050.0,0.3047820728104811,0.6952179271895189
3,Mongolia,Pre-construction,90.0,1780.0,0.0481283422459893,0.9518716577540107
1,Mongolia,Construction,0.0,530.0,0.0,1.0
2,Mongolia,Operating,262.4,1145.0,0.18644308654256073,0.8135569134574392
0,Montenegro,Announced,3207.5880927252165,450.0,0.8769681034080818,0.12303189659191816
3,Montenegro,Pre-construction,580.5029777610252,440.0,0.5688400626077974,0.43115993739220265
1,Montenegro,Construction,0.0,0.0,0.0,0.0
2,Montenegro,Operating,770.2,225.0,0.7739147909967846,0.22608520900321544
0,Montserrat,Announced,0.0,0.0,0.0,0.0
3,Montserrat,Pre-construction,2.0,0.0,1.0,0.0
1,Montserrat,Construction,0.0,0.0,0.0,0.0
2,Montserrat,Operating,0.0,0.0,0.0,0.0
0,Morocco,Announced,39606.944444444445,3700.0,0.9145633558898046,0.0854366441101953
3,Morocco,Pre-construction,21632.44277777778,0.0,1.0,0.0
1,Morocco,Construction,1985.9344444444444,457.0,0.8129298962404504,0.18707010375954966
2,Morocco,Operating,3479.56,5993.0,0.3673304787723699,0.6326695212276302
0,Mozambique,Announced,12272.14278215223,500.0,0.9608523010955766,0.03914769890442339
3,Mozambique,Pre-construction,3098.5246719160104,2624.0,0.5414611294071652,0.4585388705928348
1,Mozambique,Construction,120.0,500.0,0.1935483870967742,0.8064516129032258
2,Mozambique,Operating,2174.301,657.6,0.7677884926062034,0.23221150739379662
0,Myanmar,Announced,12840.09,1590.0,0.889813577046297,0.11018642295370298
3,Myanmar,Pre-construction,11487.65625,1250.0,0.9018657769163774,0.09813422308362263
1,Myanmar,Construction,543.0,200.0,0.730820995962315,0.2691790040376851
2,Myanmar,Operating,3137.25625,2190.7,0.5888292063209041,0.41117079367909604
0,Namibia,Announced,8393.133202099738,0.0,1.0,0.0
3,Namibia,Pre-construction,9699.863569553805,475.0,0.9533163273637063,0.04668367263629364
1,Namibia,Construction,192.72643307086614,0.0,1.0,0.0
2,Namibia,Operating,541.74,120.0,0.8186598966361411,0.18134010336385892
0,Nauru,Announced,0.0,0.0,0.0,0.0
3,Nauru,Pre-construction,0.0,0.0,0.0,0.0
1,Nauru,Construction,5.616902654867257,0.0,1.0,0.0
2,Nauru,Operating,0.0,0.0,0.0,0.0
0,Nepal,Announced,4781.0,0.0,1.0,0.0
3,Nepal,Pre-construction,34688.0,0.0,1.0,0.0
1,Nepal,Construction,3457.0,0.0,1.0,0.0
2,Nepal,Operating,813.85,0.0,1.0,0.0
0,Netherlands,Announced,1321.86,0.0,1.0,0.0
3,Netherlands,Pre-construction,22701.550151079136,500.0,0.9784497157843247,0.021550284215675317
1,Netherlands,Construction,562.8274748201438,0.0,1.0,0.0
2,Netherlands,Operating,17465.03251798561,18485.5,0.48580733843784,0.5141926615621598
0,New Caledonia,Announced,0.0,0.0,0.0,0.0
3,New Caledonia,Pre-construction,121.6995575221239,0.0,1.0,0.0
1,New Caledonia,Construction,0.0,0.0,0.0,0.0
2,New Caledonia,Operating,137.1,765.0,0.15197871632856666,0.8480212836714333
0,New Zealand,Announced,8692.353030303031,0.0,1.0,0.0
3,New Zealand,Pre-construction,4260.653333333334,360.0,0.9220889398036064,0.07791106019639357
1,New Zealand,Construction,471.1711515151515,0.0,1.0,0.0
2,New Zealand,Operating,7396.386060606061,2173.0,0.7729216915027068,0.22707830849729316
0,Nicaragua,Announced,323.377,150.0,0.6831278241232676,0.3168721758767325
3,Nicaragua,Pre-construction,586.86614,0.0,1.0,0.0
1,Nicaragua,Construction,88.6593,0.0,1.0,0.0
2,Nicaragua,Operating,478.09589,448.0,0.5162487979511495,0.4837512020488504
0,Niger,Announced,507.33700787401574,0.0,1.0,0.0
3,Niger,Pre-construction,9.044619422572179,200.0,0.04326645405921202,0.9567335459407881
1,Niger,Construction,0.0,0.0,0.0,0.0
2,Niger,Operating,38.9,219.0,0.1508336564559907,0.8491663435440093
0,Nigeria,Announced,3938.787060367454,17219.0,0.18616252489588334,0.8138374751041167
3,Nigeria,Pre-construction,6205.185564304462,600.0,0.9118319413437884,0.08816805865621156
1,Nigeria,Construction,0.0,2302.7,0.0,1.0
2,Nigeria,Operating,2692.518,11292.5,0.19252874754969926,0.8074712524503007
0,Norfolk Island,Announced,0.0,0.0,0.0,0.0
3,Norfolk Island,Pre-construction,0.0,0.0,0.0,0.0
1,Norfolk Island,Construction,0.0,0.0,0.0,0.0
2,Norfolk Island,Operating,2.4,0.0,1.0,0.0
0,North Korea,Announced,2265.8892582588824,0.0,1.0,0.0
3,North Korea,Pre-construction,0.0,0.0,0.0,0.0
1,North Korea,Construction,580.0,0.0,1.0,0.0
2,North Korea,Operating,3182.0,3250.0,0.4947139303482587,0.5052860696517413
0,North Macedonia,Announced,539.4010177157935,0.0,1.0,0.0
3,North Macedonia,Pre-construction,1372.1387108933282,105.0,0.9289166283263275,0.07108337167367255
1,North Macedonia,Construction,88.20297776102525,0.0,1.0,0.0
2,North Macedonia,Operating,707.1802879758764,1242.0,0.36280907022215314,0.6371909297778469
0,Northern Mariana Islands,Announced,26.212212389380532,0.0,1.0,0.0
3,Northern Mariana Islands,Pre-construction,0.0,0.0,0.0,0.0
1,Northern Mariana Islands,Construction,0.0,0.0,0.0,0.0
2,Northern Mariana Islands,Operating,0.0,0.0,0.0,0.0
0,Norway,Announced,2878.7105714285713,0.0,1.0,0.0
3,Norway,Pre-construction,6023.2,0.0,1.0,0.0
1,Norway,Construction,372.4,0.0,1.0,0.0
2,Norway,Operating,29780.8,523.0,0.9827414383674654,0.017258561632534534
0,Oman,Announced,25379.3375,0.0,1.0,0.0
3,Oman,Pre-construction,44621.0625,0.0,1.0,0.0
1,Oman,Construction,2104.0,132.0,0.9409660107334525,0.059033989266547404
2,Oman,Operating,1737.785,13625.3,0.11311432567091832,0.8868856743290817
0,Pakistan,Announced,5227.975732217573,0.0,1.0,0.0
3,Pakistan,Pre-construction,34249.634957322174,1950.0,0.9461320534779158,0.05386794652208418
1,Pakistan,Construction,10322.0,81.5,0.9921660979478061,0.007833902052193973
2,Pakistan,Operating,17059.311861924685,28156.7,0.3772847528883882,0.6227152471116117
0,Palau,Announced,0.0,0.0,0.0,0.0
3,Palau,Pre-construction,0.0,0.0,0.0,0.0
1,Palau,Construction,0.0,0.0,0.0,0.0
2,Palau,Operating,13.311,0.0,1.0,0.0
0,Palestine,Announced,0.0,0.0,0.0,0.0
3,Palestine,Pre-construction,31.5875,170.0,0.15669374341166986,0.8433062565883301
1,Palestine,Construction,31.5875,450.0,0.06559036519843227,0.9344096348015678
2,Palestine,Operating,29.75,140.0,0.17525773195876287,0.8247422680412371
0,Panama,Announced,1533.240572519084,153.0,0.9092656157766194,0.09073438422338069
3,Panama,Pre-construction,764.0889999999999,0.0,1.0,0.0
1,Panama,Construction,245.362,0.0,1.0,0.0
2,Panama,Operating,1740.8842671755724,1440.4,0.5472268810234853,0.4527731189765148
0,Papua New Guinea,Announced,97.6591592920354,0.0,1.0,0.0
3,Papua New Guinea,Pre-construction,870.2976548672566,0.0,1.0,0.0
1,Papua New Guinea,Construction,0.0,0.0,0.0,0.0
2,Papua New Guinea,Operating,107.87,58.0,0.6503285705673117,0.34967142943268825
0,Paraguay,Announced,93.11,0.0,1.0,0.0
3,Paraguay,Pre-construction,220.0,0.0,1.0,0.0
1,Paraguay,Construction,0.0,0.0,0.0,0.0
2,Paraguay,Operating,211.8011,0.0,1.0,0.0
0,Peru,Announced,32085.296,588.0,0.982003652156795,0.017996347843205047
3,Peru,Pre-construction,6906.4,0.0,1.0,0.0
1,Peru,Construction,952.588,0.0,1.0,0.0
2,Peru,Operating,7299.262,7122.4,0.5061318175394763,0.4938681824605236
0,Philippines,Announced,27283.530156626504,8377.5,0.7650796972716365,0.23492030272836353
3,Philippines,Pre-construction,99502.23123493975,18425.0,0.8437595811666865,0.15624041883331352
1,Philippines,Construction,3877.1655240963855,2748.7,0.585156084136667,0.414843915863333
2,Philippines,Operating,9471.01415060241,18439.2,0.33933864138401776,0.6606613586159822
0,Poland,Announced,24700.35090909091,550.0,0.9782181244933914,0.02178187550660862
3,Poland,Pre-construction,14575.473636363637,2929.9,0.8326285367646329,0.16737146323536703
1,Poland,Construction,2495.528484848485,2792.0,0.47196501957378956,0.5280349804262106
2,Poland,Operating,13528.983696969697,32808.5,0.2919663006615623,0.7080336993384376
0,Portugal,Announced,6484.8185,0.0,1.0,0.0
3,Portugal,Pre-construction,4251.0569827586205,0.0,1.0,0.0
1,Portugal,Construction,881.4018448275862,0.0,1.0,0.0
2,Portugal,Operating,14818.146637931035,4651.5,0.7610896547584031,0.23891034524159688
0,Puerto Rico,Announced,55.866,0.0,1.0,0.0
3,Puerto Rico,Pre-construction,579.85433,0.0,1.0,0.0
1,Puerto Rico,Construction,21.9,0.0,1.0,0.0
2,Puerto Rico,Operating,288.8,1742.0,0.14220996651565887,0.8577900334843411
0,Qatar,Announced,0.0,0.0,0.0,0.0
3,Qatar,Pre-construction,0.0,7600.0,0.0,1.0
1,Qatar,Construction,761.25,0.0,1.0,0.0
2,Qatar,Operating,753.3,12577.5,0.05650823656494734,0.9434917634350527
0,Republic of the Congo,Announced,0.0,516.0,0.0,1.0
3,Republic of the Congo,Pre-construction,471.4461942257218,0.0,1.0,0.0
1,Republic of the Congo,Construction,0.0,0.0,0.0,0.0
2,Republic of the Congo,Operating,122.0,534.0,0.18597560975609756,0.8140243902439024
0,Romania,Announced,2708.184210526316,500.0,0.8441486002083487,0.15585139979165127
3,Romania,Pre-construction,9657.526842105262,4638.0,0.6755628490487326,0.3244371509512674
1,Romania,Construction,321.8931578947369,868.0,0.2705227404318035,0.7294772595681965
2,Romania,Operating,13580.691894736841,5329.8,0.7181564588764934,0.2818435411235065
0,Russia,Announced,15727.384522727272,9583.0,0.6213807027943405,0.37861929720565946
3,Russia,Pre-construction,6581.996590909091,5347.0,0.5517644791620724,0.4482355208379277
1,Russia,Construction,5317.0,7264.4,0.42260797685472207,0.5773920231452779
2,Russia,Operating,84725.242,149208.7,0.362175925714961,0.637824074285039
0,Rwanda,Announced,0.0,72.0,0.0,1.0
3,Rwanda,Pre-construction,0.0,0.0,0.0,0.0
1,Rwanda,Construction,0.0,0.0,0.0,0.0
2,Rwanda,Operating,11.784724409448819,56.0,0.17385516445068108,0.8261448355493191
0,Réunion,Announced,200.0,0.0,1.0,0.0
3,Réunion,Pre-construction,0.0,0.0,0.0,0.0
1,Réunion,Construction,26.5,0.0,1.0,0.0
2,Réunion,Operating,170.058,219.6,0.43642886839228245,0.5635711316077175
0,Saint Vincent and the Grenadines,Announced,0.0,0.0,0.0,0.0
3,Saint Vincent and the Grenadines,Pre-construction,5.0,0.0,1.0,0.0
1,Saint Vincent and the Grenadines,Construction,0.0,0.0,0.0,0.0
2,Saint Vincent and the Grenadines,Operating,0.0,0.0,0.0,0.0
0,Samoa,Announced,0.0,0.0,0.0,0.0
3,Samoa,Pre-construction,0.0,0.0,0.0,0.0
1,Samoa,Construction,0.0,0.0,0.0,0.0
2,Samoa,Operating,7.806292035398231,0.0,1.0,0.0
0,Sao Tome and Principe,Announced,12.47390813648294,0.0,1.0,0.0
3,Sao Tome and Principe,Pre-construction,0.0,0.0,0.0,0.0
1,Sao Tome and Principe,Construction,0.0,0.0,0.0,0.0
2,Sao Tome and Principe,Operating,0.0,0.0,0.0,0.0
0,Saudi Arabia,Announced,4505.0,3600.0,0.5558297347316471,0.44417026526835285
3,Saudi Arabia,Pre-construction,13221.075,3600.0,0.7859827626950121,0.21401723730498792
1,Saudi Arabia,Construction,7107.3375,9660.0,0.4238799093773832,0.5761200906226167
2,Saudi Arabia,Operating,3704.635,97285.4,0.03668317374085474,0.9633168262591453
0,Senegal,Announced,0.0,125.0,0.0,1.0
3,Senegal,Pre-construction,143.5,0.0,1.0,0.0
1,Senegal,Construction,160.19,300.0,0.3480953519198592,0.6519046480801408
2,Senegal,Operating,437.96154855643044,868.5,0.33522727786390216,0.6647727221360978
0,Serbia,Announced,6727.793358462119,1350.0,0.8328751504164477,0.1671248495835524
3,Serbia,Pre-construction,6201.882762909913,0.0,1.0,0.0
1,Serbia,Construction,167.5,0.0,1.0,0.0
2,Serbia,Operating,1915.666,5334.0,0.2642419664574892,0.7357580335425108
0,Seychelles,Announced,0.0,0.0,0.0,0.0
3,Seychelles,Pre-construction,5.2458792650918635,0.0,1.0,0.0
1,Seychelles,Construction,0.0,0.0,0.0,0.0
2,Seychelles,Operating,13.175,58.0,0.18510713031260978,0.8148928696873903
0,Sierra Leone,Announced,674.0422047244094,0.0,1.0,0.0
3,Sierra Leone,Pre-construction,247.61784776902888,0.0,1.0,0.0
1,Sierra Leone,Construction,42.50971128608924,83.5,0.33735265998329506,0.6626473400167049
2,Sierra Leone,Operating,52.15,162.0,0.24352089656782627,0.7564791034321737
0,Singapore,Announced,206.81195652173912,100.0,0.6740674609500933,0.32593253904990666
3,Singapore,Pre-construction,495.3763043478261,600.0,0.4522430350022654,0.5477569649977345
1,Singapore,Construction,80.0,2480.0,0.03125,0.96875
2,Singapore,Operating,560.389,13914.0,0.03871590020138329,0.9612840997986167
0,Slovakia,Announced,102.674875,0.0,1.0,0.0
3,Slovakia,Pre-construction,1206.5,0.0,1.0,0.0
1,Slovakia,Construction,477.0,0.0,1.0,0.0
2,Slovakia,Operating,4662.95,1349.8899999999999,0.7754987659741486,0.22450123402585132
0,Slovenia,Announced,1190.0,0.0,1.0,0.0
3,Slovenia,Pre-construction,552.0,0.0,1.0,0.0
1,Slovenia,Construction,0.0,0.0,0.0,0.0
2,Slovenia,Operating,1179.0,1604.0,0.42364355012576355,0.5763564498742364
0,Solomon Islands,Announced,32.175,0.0,1.0,0.0
3,Solomon Islands,Pre-construction,0.0,0.0,0.0,0.0
1,Solomon Islands,Construction,0.0,0.0,0.0,0.0
2,Solomon Islands,Operating,0.0,0.0,0.0,0.0
0,Somalia,Announced,0.0,0.0,0.0,0.0
3,Somalia,Pre-construction,0.0,0.0,0.0,0.0
1,Somalia,Construction,90.44619422572178,0.0,1.0,0.0
2,Somalia,Operating,26.56,65.0,0.2900830056793359,0.709916994320664
0,South Africa,Announced,2514.9541463414635,1220.0,0.6733560969697476,0.32664390303025237
3,South Africa,Pre-construction,6643.476341463414,10905.0,0.37857852796976205,0.621421472030238
1,South Africa,Construction,3139.6465853658538,800.0,0.7969361000624607,0.20306389993753926
2,South Africa,Operating,13170.285902439024,47929.4,0.21555406886164175,0.7844459311383581
0,South Korea,Announced,18274.780487804877,15202.0,0.5458942055214098,0.4541057944785902
3,South Korea,Pre-construction,50634.46634146341,1000.0,0.9806330912110738,0.019366908788926166
1,South Korea,Construction,4482.6463414634145,5298.0,0.4583180073140959,0.5416819926859041
2,South Korea,Operating,42983.30573170732,91553.4,0.3194912904841337,0.6805087095158663
0,South Sudan,Announced,890.0,67.0,0.9299895506792059,0.07001044932079414
3,South Sudan,Pre-construction,0.0,0.0,0.0,0.0
1,South Sudan,Construction,18.089238845144358,0.0,1.0,0.0
2,South Sudan,Operating,45.24,85.0,0.34735872235872234,0.6526412776412776
0,Spain,Announced,23991.970855431307,0.0,1.0,0.0
3,Spain,Pre-construction,115578.5442715655,494.0,0.9957440409090695,0.004255959090930482
1,Spain,Construction,7611.8234568690095,0.0,1.0,0.0
2,Spain,Operating,79383.56595766773,32886.2,0.7070787516168866,0.2929212483831134
0,Sri Lanka,Announced,1740.2505263598327,350.0,0.832555956529515,0.167444043470485
3,Sri Lanka,Pre-construction,2549.8653748953975,0.0,1.0,0.0
1,Sri Lanka,Construction,47.32928870292887,130.0,0.2669005726528195,0.7330994273471806
2,Sri Lanka,Operating,1360.062,2075.4,0.39588911185744446,0.6041108881425555
0,Sudan,Announced,0.0,1000.0,0.0,1.0
3,Sudan,Pre-construction,200.0,405.0,0.3305785123966942,0.6694214876033058
1,Sudan,Construction,0.0,731.0,0.0,1.0
2,Sudan,Operating,1999.0,2150.9,0.48169835417720913,0.5183016458227909
0,Suriname,Announced,39.15,0.0,1.0,0.0
3,Suriname,Pre-construction,0.0,0.0,0.0,0.0
1,Suriname,Construction,0.0,0.0,0.0,0.0
2,Suriname,Operating,187.001,63.0,0.748001007995968,0.251998992004032
0,Sweden,Announced,38279.81822580645,0.0,1.0,0.0
3,Sweden,Pre-construction,98698.89096774194,0.0,1.0,0.0
1,Sweden,Construction,3335.84,0.0,1.0,0.0
2,Sweden,Operating,34514.02,2619.0,0.9294697818814629,0.07053021811853709
0,Switzerland,Announced,869.35,0.0,1.0,0.0
3,Switzerland,Pre-construction,399.0,0.0,1.0,0.0
1,Switzerland,Construction,120.0,0.0,1.0,0.0
2,Switzerland,Operating,15452.658481481481,98.8,0.9936468981274232,0.006353101872576777
0,Syria,Announced,0.0,2300.0,0.0,1.0
3,Syria,Pre-construction,52.345,750.0,0.06524001520542909,0.9347599847945709
1,Syria,Construction,142.595,2610.0,0.05180384328242985,0.9481961567175702
2,Syria,Operating,1680.905,7384.5,0.18541973579779392,0.814580264202206
0,Taiwan,Announced,10341.880838709678,1396.0,0.8810688216056674,0.11893117839433268
3,Taiwan,Pre-construction,6882.474451612903,20553.0,0.2508604129938161,0.7491395870061839
1,Taiwan,Construction,3336.159741935484,9637.0,0.25715861118640304,0.742841388813597
2,Taiwan,Operating,13516.988774193549,38294.0,0.2608903843372741,0.7391096156627258
0,Tajikistan,Announced,2078.1612903225805,600.0,0.7759656962528456,0.2240343037471544
3,Tajikistan,Pre-construction,0.0,0.0,0.0,0.0
1,Tajikistan,Construction,0.0,0.0,0.0,0.0
2,Tajikistan,Operating,8156.0,606.0,0.9308377082857795,0.0691622917142205
0,Tanzania,Announced,3657.54593175853,1050.0,0.7769538491560152,0.2230461508439848
3,Tanzania,Pre-construction,733.5734908136483,800.0,0.47834257386937856,0.5216574261306215
1,Tanzania,Construction,2199.267716535433,0.0,1.0,0.0
2,Tanzania,Operating,679.4,445.0,0.604233368907862,0.395766631092138
0,Thailand,Announced,1753.0690510948905,2100.0,0.4549799206418938,0.5450200793581061
3,Thailand,Pre-construction,3176.4055474452557,4590.0,0.4089930055854639,0.591006994414536
1,Thailand,Construction,20.267299270072993,780.0,0.02532566217382477,0.9746743378261753
2,Thailand,Operating,9706.474693430657,43950.7,0.18089798333379334,0.8191020166662066
0,The Gambia,Announced,550.0,0.0,1.0,0.0
3,The Gambia,Pre-construction,130.5,0.0,1.0,0.0
1,The Gambia,Construction,0.0,0.0,0.0,0.0
2,The Gambia,Operating,20.01,0.0,1.0,0.0
0,Togo,Announced,80.03999999999999,0.0,1.0,0.0
3,Togo,Pre-construction,442.83000000000004,0.0,1.0,0.0
1,Togo,Construction,17.4,0.0,1.0,0.0
2,Togo,Operating,45.9,165.0,0.21763869132290184,0.7823613086770981
0,Trinidad and Tobago,Announced,0.0,0.0,0.0,0.0
3,Trinidad and Tobago,Pre-construction,0.0,0.0,0.0,0.0
1,Trinidad and Tobago,Construction,92.0,0.0,1.0,0.0
2,Trinidad and Tobago,Operating,0.0,2056.6,0.0,1.0
0,Tunisia,Announced,1679.8555555555556,0.0,1.0,0.0
3,Tunisia,Pre-construction,4746.746666666667,900.0,0.8406161896171482,0.1593838103828517
1,Tunisia,Construction,406.1666666666667,0.0,1.0,0.0
2,Tunisia,Operating,295.3,5771.0,0.04867876629906203,0.9513212337009379
0,Turkmenistan,Announced,0.0,0.0,0.0,0.0
3,Turkmenistan,Pre-construction,0.0,0.0,0.0,0.0
1,Turkmenistan,Construction,0.0,1574.0,0.0,1.0
2,Turkmenistan,Operating,0.0,7087.0,0.0,1.0
0,Türkiye,Announced,11439.639541984732,0.0,1.0,0.0
3,Türkiye,Pre-construction,6321.1677251908395,688.0,0.9018428396958831,0.09815716030411695
1,Türkiye,Construction,5256.555725190839,890.0,0.855203460313155,0.14479653968684505
2,Türkiye,Operating,41749.78885496183,46538.5,0.47288025848532994,0.52711974151467
0,Uganda,Announced,1636.0709448818898,0.0,1.0,0.0
3,Uganda,Pre-construction,50.0,0.0,1.0,0.0
1,Uganda,Construction,0.0,0.0,0.0,0.0
2,Uganda,Operating,1550.89,189.0,0.8913724430854825,0.10862755691451757
0,Ukraine,Announced,4150.0,250.0,0.9431818181818182,0.056818181818181816
3,Ukraine,Pre-construction,4620.0,1054.0,0.8142403947832217,0.18575960521677828
1,Ukraine,Construction,0.0,250.0,0.0,1.0
2,Ukraine,Operating,25867.456,7840.9,0.7673900204447822,0.2326099795552177
0,United Arab Emirates,Announced,6034.55,5000.0,0.5468777612136426,0.45312223878635743
3,United Arab Emirates,Pre-construction,4688.625,4000.0,0.5396279618466674,0.46037203815333266
1,United Arab Emirates,Construction,302.2,4025.1,0.06983569431285096,0.9301643056871489
2,United Arab Emirates,Operating,12340.055,41655.1,0.2285400421574862,0.7714599578425139
0,United Kingdom,Announced,16026.067118644069,6562.5,0.7094769240770714,0.29052307592292864
3,United Kingdom,Pre-construction,120519.88333898305,12672.0,0.9048590673671245,0.0951409326328755
1,United Kingdom,Construction,14272.282898305084,814.7,0.9459998062242434,0.05400019377575657
2,United Kingdom,Operating,53223.51261016949,36584.9,0.5926339310905792,0.4073660689094208
0,United States,Announced,126015.3044680851,40706.7,0.7558408673775734,0.24415913262242664
3,United States,Pre-construction,125533.65004255318,31100.7,0.8014439362020476,0.19855606379795243
1,United States,Construction,40720.41234042553,14319.0,0.7398409722939041,0.2601590277060959
2,United States,Operating,473786.20606382977,750376.7,0.3870287228251677,0.6129712771748322
0,Uruguay,Announced,263.11,0.0,1.0,0.0
3,Uruguay,Pre-construction,148.0449,0.0,1.0,0.0
1,Uruguay,Construction,0.0,0.0,0.0,0.0
2,Uruguay,Operating,3071.2182,1132.0,0.7306825517647407,0.2693174482352594
0,Uzbekistan,Announced,14530.838709677419,4045.2,0.7822355959081523,0.21776440409184777
3,Uzbekistan,Pre-construction,2066.451612903226,216.0,0.9053649160495223,0.09463508395047769
1,Uzbekistan,Construction,2189.5806451612902,5918.0,0.27006584836970576,0.7299341516302943
2,Uzbekistan,Operating,3933.141935483871,16881.8,0.18895762225398877,0.8110423777460113
0,Vanuatu,Announced,2.61,0.0,1.0,0.0
3,Vanuatu,Pre-construction,0.0,0.0,0.0,0.0
1,Vanuatu,Construction,0.0,0.0,0.0,0.0
2,Vanuatu,Operating,4.357,0.0,1.0,0.0
0,Venezuela,Announced,0.0,0.0,0.0,0.0
3,Venezuela,Pre-construction,0.0,0.0,0.0,0.0
1,Venezuela,Construction,2700.0,0.0,1.0,0.0
2,Venezuela,Operating,16011.1,3714.6,0.8116872911987915,0.18831270880120857
0,Vietnam,Announced,20534.950689655172,25690.0,0.4442395369445089,0.555760463055491
3,Vietnam,Pre-construction,58086.89903448276,21100.0,0.7335417820716558,0.26645821792834423
1,Vietnam,Construction,3115.2,7947.0,0.2816076368172696,0.7183923631827304
2,Vietnam,Operating,35053.905724137934,35385.0,0.49764977697723795,0.502350223022762
0,Virgin Islands (U.S.),Announced,0.0,0.0,0.0,0.0
3,Virgin Islands (U.S.),Pre-construction,16.759800000000002,0.0,1.0,0.0
1,Virgin Islands (U.S.),Construction,0.0,0.0,0.0,0.0
2,Virgin Islands (U.S.),Operating,9.2924,0.0,1.0,0.0
0,Western Sahara,Announced,6443.888888888889,0.0,1.0,0.0
3,Western Sahara,Pre-construction,1000.0,0.0,1.0,0.0
1,Western Sahara,Construction,220.0,0.0,1.0,0.0
2,Western Sahara,Operating,1166.5444444444445,72.0,0.9418672456019163,0.05813275439808377
0,Yemen,Announced,140.175,446.0,0.23913507058472303,0.7608649294152771
3,Yemen,Pre-construction,40.0,0.0,1.0,0.0
1,Yemen,Construction,0.0,300.0,0.0,1.0
2,Yemen,Operating,175.95,1125.0,0.1352473192666897,0.8647526807333102
0,Zambia,Announced,4802.982152230971,0.0,1.0,0.0
3,Zambia,Pre-construction,3003.7423884514437,900.0,0.7694520000442405,0.23054799995575953
1,Zambia,Construction,374.0,300.0,0.5548961424332344,0.44510385756676557
2,Zambia,Operating,4299.95,435.0,0.9081299696934497,0.09187003030655023
0,Zimbabwe,Announced,2669.7746981627297,5770.0,0.3163324607165068,0.6836675392834932
3,Zimbabwe,Pre-construction,1111.369343832021,1570.0,0.4144782763286656,0.5855217236713345
1,Zimbabwe,Construction,554.392125984252,1470.0,0.27385609678495887,0.7261439032150412
2,Zimbabwe,Operating,224.9417847769029,1670.0,0.11870643551373582,0.8812935644862642
